id,NObeyesdad
0,Obesity_Type_II
1,Obesity_Type_III
2,Obesity_Type_III
3,Obesity_Type_II
4,Obesity_Type_III
5,Insufficient_Weight
6,Insufficient_Weight
7,Obesity_Type_III
8,Overweight_Level_I
9,Normal_Weight
10,Insufficient_Weight
11,Obesity_Type_III
12,Obesity_Type_III
13,Obesity_Type_III
14,Obesity_Type_III
15,Obesity_Type_III
16,Obesity_Type_II
17,Obesity_Type_III
18,Obesity_Type_III
19,Obesity_Type_II
20,Obesity_Type_I
21,Obesity_Type_II
22,Obesity_Type_III
23,Obesity_Type_II
24,Obesity_Type_III
25,Obesity_Type_II
26,Obesity_Type_II
27,Obesity_Type_III
28,Insufficient_Weight
29,Obesity_Type_II
30,Overweight_Level_I
31,Obesity_Type_III
32,Obesity_Type_II
33,Obesity_Type_II
34,Obesity_Type_III
35,Obesity_Type_III
36,Obesity_Type_II
37,Normal_Weight
38,Insufficient_Weight
39,Overweight_Level_I
40,Obesity_Type_II
41,Overweight_Level_I
42,Obesity_Type_II
43,Overweight_Level_I
44,Obesity_Type_III
45,Insufficient_Weight
46,Obesity_Type_III
47,Obesity_Type_II
48,Obesity_Type_II
49,Obesity_Type_II
50,Obesity_Type_II
51,Obesity_Type_III
52,Obesity_Type_II
53,Obesity_Type_III
54,Obesity_Type_II
55,Normal_Weight
56,Insufficient_Weight
57,Overweight_Level_I
58,Obesity_Type_II
59,Obesity_Type_III
60,Overweight_Level_I
61,Obesity_Type_II
62,Obesity_Type_II
63,Obesity_Type_II
64,Normal_Weight
65,Obesity_Type_II
66,Normal_Weight
67,Insufficient_Weight
68,Obesity_Type_II
69,Obesity_Type_I
70,Obesity_Type_II
71,Obesity_Type_III
72,Obesity_Type_II
73,Obesity_Type_III
74,Overweight_Level_I
75,Obesity_Type_III
76,Obesity_Type_II
77,Obesity_Type_II
78,Obesity_Type_III
79,Normal_Weight
80,Obesity_Type_II
81,Obesity_Type_II
82,Insufficient_Weight
83,Obesity_Type_III
84,Insufficient_Weight
85,Obesity_Type_III
86,Insufficient_Weight
87,Obesity_Type_I
88,Normal_Weight
89,Obesity_Type_II
90,Obesity_Type_III
91,Obesity_Type_III
92,Insufficient_Weight
93,Normal_Weight
94,Obesity_Type_III
95,Obesity_Type_III
96,Insufficient_Weight
97,Obesity_Type_II
98,Normal_Weight
99,Obesity_Type_I
100,Obesity_Type_II
101,Obesity_Type_III
102,Obesity_Type_I
103,Obesity_Type_III
104,Obesity_Type_III
105,Insufficient_Weight
106,Obesity_Type_III
107,Obesity_Type_II
108,Overweight_Level_I
109,Obesity_Type_II
110,Overweight_Level_I
111,Obesity_Type_II
112,Obesity_Type_II
113,Obesity_Type_III
114,Obesity_Type_II
115,Obesity_Type_III
116,Obesity_Type_II
117,Obesity_Type_I
118,Obesity_Type_III
119,Obesity_Type_III
120,Obesity_Type_II
121,Obesity_Type_III
122,Insufficient_Weight
123,Obesity_Type_II
124,Insufficient_Weight
125,Overweight_Level_I
126,Obesity_Type_III
127,Obesity_Type_III
128,Obesity_Type_II
129,Obesity_Type_II
130,Obesity_Type_II
131,Obesity_Type_III
132,Obesity_Type_III
133,Insufficient_Weight
134,Obesity_Type_III
135,Obesity_Type_II
136,Obesity_Type_II
137,Normal_Weight
138,Insufficient_Weight
139,Obesity_Type_III
140,Obesity_Type_III
141,Insufficient_Weight
142,Obesity_Type_II
143,Obesity_Type_III
144,Obesity_Type_II
145,Obesity_Type_III
146,Obesity_Type_III
147,Insufficient_Weight
148,Obesity_Type_I
149,Obesity_Type_II
150,Insufficient_Weight
151,Obesity_Type_II
152,Obesity_Type_III
153,Obesity_Type_III
154,Obesity_Type_III
155,Obesity_Type_I
156,Insufficient_Weight
157,Obesity_Type_II
158,Normal_Weight
159,Obesity_Type_III
160,Obesity_Type_II
161,Overweight_Level_I
162,Obesity_Type_III
163,Normal_Weight
164,Insufficient_Weight
165,Normal_Weight
166,Insufficient_Weight
167,Obesity_Type_III
168,Obesity_Type_II
169,Normal_Weight
170,Obesity_Type_III
171,Obesity_Type_II
172,Obesity_Type_II
173,Obesity_Type_III
174,Obesity_Type_III
175,Insufficient_Weight
176,Obesity_Type_I
177,Overweight_Level_I
178,Overweight_Level_I
179,Normal_Weight
180,Obesity_Type_II
181,Obesity_Type_III
182,Obesity_Type_II
183,Obesity_Type_II
184,Obesity_Type_III
185,Obesity_Type_III
186,Obesity_Type_II
187,Obesity_Type_III
188,Obesity_Type_II
189,Overweight_Level_I
190,Obesity_Type_III
191,Obesity_Type_II
192,Insufficient_Weight
193,Obesity_Type_II
194,Normal_Weight
195,Insufficient_Weight
196,Obesity_Type_II
197,Obesity_Type_III
198,Obesity_Type_I
199,Obesity_Type_II
200,Obesity_Type_I
201,Obesity_Type_III
202,Obesity_Type_II
203,Insufficient_Weight
204,Obesity_Type_II
205,Insufficient_Weight
206,Normal_Weight
207,Normal_Weight
208,Obesity_Type_II
209,Obesity_Type_II
210,Obesity_Type_III
211,Obesity_Type_III
212,Obesity_Type_II
213,Obesity_Type_III
214,Obesity_Type_II
215,Obesity_Type_III
216,Obesity_Type_III
217,Overweight_Level_I
218,Obesity_Type_II
219,Obesity_Type_I
220,Overweight_Level_I
221,Overweight_Level_I
222,Overweight_Level_I
223,Overweight_Level_I
224,Obesity_Type_III
225,Obesity_Type_I
226,Obesity_Type_II
227,Obesity_Type_II
228,Insufficient_Weight
229,Obesity_Type_I
230,Overweight_Level_I
231,Obesity_Type_III
232,Obesity_Type_III
233,Obesity_Type_III
234,Obesity_Type_II
235,Insufficient_Weight
236,Insufficient_Weight
237,Obesity_Type_III
238,Obesity_Type_III
239,Obesity_Type_II
240,Normal_Weight
241,Obesity_Type_III
242,Overweight_Level_I
243,Insufficient_Weight
244,Obesity_Type_III
245,Overweight_Level_I
246,Insufficient_Weight
247,Obesity_Type_III
248,Obesity_Type_II
249,Obesity_Type_III
250,Overweight_Level_I
251,Obesity_Type_II
252,Obesity_Type_III
253,Normal_Weight
254,Obesity_Type_III
255,Obesity_Type_II
256,Insufficient_Weight
257,Normal_Weight
258,Obesity_Type_III
259,Normal_Weight
260,Obesity_Type_III
261,Insufficient_Weight
262,Obesity_Type_III
263,Obesity_Type_II
264,Insufficient_Weight
265,Obesity_Type_III
266,Obesity_Type_III
267,Obesity_Type_III
268,Overweight_Level_I
269,Obesity_Type_II
270,Obesity_Type_III
271,Obesity_Type_II
272,Obesity_Type_II
273,Obesity_Type_III
274,Obesity_Type_II
275,Obesity_Type_II
276,Overweight_Level_II
277,Obesity_Type_II
278,Insufficient_Weight
279,Obesity_Type_III
280,Obesity_Type_II
281,Obesity_Type_II
282,Insufficient_Weight
283,Obesity_Type_III
284,Obesity_Type_I
285,Obesity_Type_II
286,Obesity_Type_III
287,Normal_Weight
288,Obesity_Type_III
289,Obesity_Type_II
290,Overweight_Level_I
291,Overweight_Level_I
292,Obesity_Type_III
293,Obesity_Type_II
294,Insufficient_Weight
295,Obesity_Type_II
296,Overweight_Level_I
297,Obesity_Type_II
298,Obesity_Type_II
299,Overweight_Level_I
300,Obesity_Type_I
301,Obesity_Type_III
302,Obesity_Type_II
303,Obesity_Type_II
304,Normal_Weight
305,Insufficient_Weight
306,Obesity_Type_II
307,Obesity_Type_II
308,Obesity_Type_III
309,Obesity_Type_II
310,Normal_Weight
311,Obesity_Type_III
312,Overweight_Level_I
313,Obesity_Type_III
314,Obesity_Type_III
315,Obesity_Type_II
316,Overweight_Level_I
317,Overweight_Level_I
318,Obesity_Type_II
319,Obesity_Type_II
320,Obesity_Type_I
321,Obesity_Type_II
322,Obesity_Type_II
323,Overweight_Level_I
324,Obesity_Type_II
325,Overweight_Level_I
326,Obesity_Type_II
327,Obesity_Type_II
328,Obesity_Type_III
329,Obesity_Type_I
330,Obesity_Type_III
331,Normal_Weight
332,Obesity_Type_III
333,Obesity_Type_III
334,Obesity_Type_III
335,Obesity_Type_II
336,Obesity_Type_II
337,Obesity_Type_III
338,Obesity_Type_II
339,Obesity_Type_II
340,Obesity_Type_II
341,Obesity_Type_II
342,Insufficient_Weight
343,Obesity_Type_I
344,Obesity_Type_I
345,Obesity_Type_II
346,Obesity_Type_I
347,Obesity_Type_III
348,Obesity_Type_III
349,Obesity_Type_III
350,Obesity_Type_II
351,Obesity_Type_II
352,Obesity_Type_II
353,Insufficient_Weight
354,Obesity_Type_II
355,Obesity_Type_III
356,Obesity_Type_III
357,Obesity_Type_II
358,Obesity_Type_II
359,Obesity_Type_III
360,Obesity_Type_III
361,Obesity_Type_II
362,Obesity_Type_II
363,Obesity_Type_II
364,Obesity_Type_III
365,Obesity_Type_I
366,Obesity_Type_III
367,Obesity_Type_III
368,Overweight_Level_I
369,Obesity_Type_III
370,Obesity_Type_III
371,Insufficient_Weight
372,Insufficient_Weight
373,Obesity_Type_I
374,Obesity_Type_II
375,Overweight_Level_I
376,Insufficient_Weight
377,Obesity_Type_II
378,Obesity_Type_II
379,Obesity_Type_III
380,Obesity_Type_II
381,Normal_Weight
382,Obesity_Type_II
383,Obesity_Type_I
384,Overweight_Level_I
385,Obesity_Type_II
386,Obesity_Type_II
387,Insufficient_Weight
388,Obesity_Type_III
389,Obesity_Type_II
390,Obesity_Type_II
391,Obesity_Type_III
392,Insufficient_Weight
393,Overweight_Level_I
394,Obesity_Type_III
395,Normal_Weight
396,Obesity_Type_II
397,Obesity_Type_III
398,Obesity_Type_II
399,Obesity_Type_II
400,Overweight_Level_I
401,Overweight_Level_I
402,Obesity_Type_II
403,Obesity_Type_III
404,Obesity_Type_II
405,Insufficient_Weight
406,Obesity_Type_III
407,Obesity_Type_II
408,Obesity_Type_II
409,Obesity_Type_II
410,Obesity_Type_II
411,Insufficient_Weight
412,Obesity_Type_III
413,Obesity_Type_I
414,Obesity_Type_II
415,Obesity_Type_II
416,Obesity_Type_II
417,Obesity_Type_III
418,Obesity_Type_II
419,Insufficient_Weight
420,Obesity_Type_II
421,Obesity_Type_II
422,Obesity_Type_II
423,Obesity_Type_II
424,Insufficient_Weight
425,Obesity_Type_III
426,Obesity_Type_II
427,Obesity_Type_II
428,Obesity_Type_II
429,Obesity_Type_III
430,Obesity_Type_II
431,Overweight_Level_I
432,Insufficient_Weight
433,Normal_Weight
434,Obesity_Type_III
435,Insufficient_Weight
436,Overweight_Level_I
437,Obesity_Type_III
438,Obesity_Type_III
439,Obesity_Type_III
440,Obesity_Type_III
441,Obesity_Type_II
442,Obesity_Type_III
443,Obesity_Type_II
444,Obesity_Type_III
445,Obesity_Type_III
446,Obesity_Type_III
447,Obesity_Type_II
448,Overweight_Level_I
449,Obesity_Type_II
450,Obesity_Type_I
451,Obesity_Type_II
452,Insufficient_Weight
453,Obesity_Type_II
454,Obesity_Type_II
455,Obesity_Type_III
456,Obesity_Type_III
457,Obesity_Type_III
458,Normal_Weight
459,Obesity_Type_II
460,Overweight_Level_I
461,Obesity_Type_II
462,Normal_Weight
463,Obesity_Type_I
464,Insufficient_Weight
465,Insufficient_Weight
466,Obesity_Type_III
467,Obesity_Type_II
468,Obesity_Type_III
469,Obesity_Type_III
470,Obesity_Type_I
471,Normal_Weight
472,Obesity_Type_II
473,Obesity_Type_II
474,Obesity_Type_II
475,Obesity_Type_II
476,Obesity_Type_III
477,Insufficient_Weight
478,Obesity_Type_III
479,Insufficient_Weight
480,Obesity_Type_II
481,Normal_Weight
482,Obesity_Type_III
483,Obesity_Type_II
484,Overweight_Level_I
485,Obesity_Type_III
486,Obesity_Type_III
487,Overweight_Level_I
488,Normal_Weight
489,Obesity_Type_II
490,Obesity_Type_II
491,Obesity_Type_II
492,Obesity_Type_III
493,Normal_Weight
494,Obesity_Type_III
495,Normal_Weight
496,Overweight_Level_I
497,Obesity_Type_II
498,Obesity_Type_II
499,Obesity_Type_II
500,Overweight_Level_I
501,Normal_Weight
502,Insufficient_Weight
503,Obesity_Type_III
504,Obesity_Type_III
505,Overweight_Level_I
506,Obesity_Type_III
507,Obesity_Type_III
508,Overweight_Level_I
509,Normal_Weight
510,Obesity_Type_I
511,Obesity_Type_III
512,Obesity_Type_II
513,Obesity_Type_II
514,Obesity_Type_III
515,Overweight_Level_I
516,Obesity_Type_III
517,Insufficient_Weight
518,Obesity_Type_II
519,Obesity_Type_III
520,Obesity_Type_II
521,Obesity_Type_II
522,Normal_Weight
523,Normal_Weight
524,Obesity_Type_II
525,Obesity_Type_II
526,Obesity_Type_III
527,Obesity_Type_III
528,Obesity_Type_II
529,Obesity_Type_II
530,Obesity_Type_II
531,Obesity_Type_III
532,Obesity_Type_II
533,Obesity_Type_II
534,Obesity_Type_II
535,Obesity_Type_II
536,Overweight_Level_I
537,Normal_Weight
538,Normal_Weight
539,Overweight_Level_II
540,Obesity_Type_II
541,Obesity_Type_II
542,Overweight_Level_I
543,Obesity_Type_III
544,Obesity_Type_II
545,Obesity_Type_III
546,Obesity_Type_III
547,Obesity_Type_II
548,Obesity_Type_II
549,Obesity_Type_III
550,Normal_Weight
551,Obesity_Type_II
552,Insufficient_Weight
553,Obesity_Type_II
554,Obesity_Type_II
555,Insufficient_Weight
556,Overweight_Level_I
557,Insufficient_Weight
558,Obesity_Type_III
559,Insufficient_Weight
560,Obesity_Type_III
561,Insufficient_Weight
562,Obesity_Type_II
563,Obesity_Type_III
564,Obesity_Type_II
565,Obesity_Type_III
566,Obesity_Type_III
567,Obesity_Type_II
568,Overweight_Level_I
569,Obesity_Type_III
570,Obesity_Type_II
571,Obesity_Type_III
572,Obesity_Type_II
573,Obesity_Type_II
574,Obesity_Type_II
575,Obesity_Type_I
576,Insufficient_Weight
577,Obesity_Type_III
578,Obesity_Type_II
579,Obesity_Type_III
580,Obesity_Type_III
581,Normal_Weight
582,Normal_Weight
583,Obesity_Type_III
584,Insufficient_Weight
585,Obesity_Type_II
586,Normal_Weight
587,Obesity_Type_II
588,Insufficient_Weight
589,Obesity_Type_II
590,Obesity_Type_II
591,Obesity_Type_II
592,Normal_Weight
593,Obesity_Type_II
594,Obesity_Type_II
595,Obesity_Type_II
596,Insufficient_Weight
597,Obesity_Type_II
598,Obesity_Type_III
599,Overweight_Level_I
600,Obesity_Type_III
601,Obesity_Type_II
602,Overweight_Level_I
603,Overweight_Level_I
604,Obesity_Type_III
605,Obesity_Type_II
606,Obesity_Type_III
607,Overweight_Level_I
608,Obesity_Type_I
609,Obesity_Type_III
610,Obesity_Type_II
611,Insufficient_Weight
612,Obesity_Type_III
613,Obesity_Type_III
614,Obesity_Type_III
615,Obesity_Type_II
616,Obesity_Type_III
617,Obesity_Type_II
618,Obesity_Type_II
619,Obesity_Type_III
620,Normal_Weight
621,Obesity_Type_III
622,Insufficient_Weight
623,Obesity_Type_III
624,Normal_Weight
625,Obesity_Type_II
626,Insufficient_Weight
627,Overweight_Level_I
628,Obesity_Type_II
629,Obesity_Type_II
630,Obesity_Type_III
631,Overweight_Level_I
632,Obesity_Type_III
633,Obesity_Type_II
634,Obesity_Type_III
635,Overweight_Level_I
636,Obesity_Type_III
637,Obesity_Type_I
638,Insufficient_Weight
639,Obesity_Type_III
640,Obesity_Type_III
641,Obesity_Type_III
642,Obesity_Type_III
643,Obesity_Type_II
644,Obesity_Type_II
645,Insufficient_Weight
646,Insufficient_Weight
647,Insufficient_Weight
648,Obesity_Type_III
649,Overweight_Level_I
650,Overweight_Level_II
651,Obesity_Type_III
652,Obesity_Type_III
653,Normal_Weight
654,Obesity_Type_II
655,Normal_Weight
656,Obesity_Type_III
657,Obesity_Type_II
658,Overweight_Level_I
659,Insufficient_Weight
660,Obesity_Type_I
661,Insufficient_Weight
662,Obesity_Type_II
663,Obesity_Type_I
664,Overweight_Level_I
665,Overweight_Level_I
666,Obesity_Type_III
667,Insufficient_Weight
668,Obesity_Type_II
669,Insufficient_Weight
670,Insufficient_Weight
671,Obesity_Type_II
672,Obesity_Type_III
673,Insufficient_Weight
674,Obesity_Type_III
675,Obesity_Type_III
676,Obesity_Type_II
677,Normal_Weight
678,Overweight_Level_I
679,Obesity_Type_II
680,Normal_Weight
681,Obesity_Type_II
682,Obesity_Type_II
683,Normal_Weight
684,Overweight_Level_I
685,Obesity_Type_III
686,Overweight_Level_I
687,Normal_Weight
688,Overweight_Level_I
689,Obesity_Type_III
690,Obesity_Type_III
691,Obesity_Type_I
692,Overweight_Level_I
693,Obesity_Type_III
694,Obesity_Type_II
695,Obesity_Type_II
696,Obesity_Type_III
697,Obesity_Type_II
698,Obesity_Type_III
699,Overweight_Level_I
700,Obesity_Type_III
701,Obesity_Type_III
702,Obesity_Type_III
703,Obesity_Type_I
704,Insufficient_Weight
705,Obesity_Type_III
706,Obesity_Type_III
707,Obesity_Type_III
708,Obesity_Type_III
709,Insufficient_Weight
710,Obesity_Type_III
711,Obesity_Type_III
712,Obesity_Type_I
713,Obesity_Type_III
714,Obesity_Type_II
715,Obesity_Type_III
716,Overweight_Level_I
717,Obesity_Type_II
718,Normal_Weight
719,Obesity_Type_III
720,Obesity_Type_II
721,Obesity_Type_I
722,Obesity_Type_II
723,Normal_Weight
724,Obesity_Type_II
725,Obesity_Type_II
726,Obesity_Type_III
727,Obesity_Type_III
728,Obesity_Type_III
729,Obesity_Type_III
730,Obesity_Type_III
731,Normal_Weight
732,Normal_Weight
733,Insufficient_Weight
734,Obesity_Type_III
735,Insufficient_Weight
736,Obesity_Type_II
737,Obesity_Type_II
738,Obesity_Type_II
739,Obesity_Type_I
740,Insufficient_Weight
741,Obesity_Type_III
742,Obesity_Type_III
743,Obesity_Type_III
744,Obesity_Type_II
745,Obesity_Type_II
746,Obesity_Type_II
747,Obesity_Type_II
748,Obesity_Type_II
749,Obesity_Type_II
750,Obesity_Type_II
751,Obesity_Type_III
752,Obesity_Type_III
753,Obesity_Type_III
754,Insufficient_Weight
755,Insufficient_Weight
756,Normal_Weight
757,Obesity_Type_II
758,Normal_Weight
759,Obesity_Type_II
760,Obesity_Type_I
761,Obesity_Type_III
762,Insufficient_Weight
763,Obesity_Type_III
764,Overweight_Level_I
765,Obesity_Type_III
766,Obesity_Type_II
767,Normal_Weight
768,Obesity_Type_III
769,Obesity_Type_III
770,Obesity_Type_II
771,Obesity_Type_I
772,Insufficient_Weight
773,Obesity_Type_I
774,Obesity_Type_II
775,Obesity_Type_II
776,Obesity_Type_III
777,Obesity_Type_II
778,Overweight_Level_I
779,Obesity_Type_I
780,Obesity_Type_I
781,Overweight_Level_I
782,Obesity_Type_II
783,Obesity_Type_II
784,Obesity_Type_III
785,Obesity_Type_III
786,Overweight_Level_I
787,Overweight_Level_I
788,Obesity_Type_III
789,Obesity_Type_II
790,Normal_Weight
791,Obesity_Type_II
792,Obesity_Type_III
793,Obesity_Type_I
794,Normal_Weight
795,Overweight_Level_I
796,Obesity_Type_II
797,Overweight_Level_I
798,Normal_Weight
799,Obesity_Type_III
800,Obesity_Type_I
801,Obesity_Type_III
802,Obesity_Type_III
803,Obesity_Type_III
804,Obesity_Type_II
805,Obesity_Type_III
806,Obesity_Type_III
807,Obesity_Type_II
808,Obesity_Type_II
809,Obesity_Type_II
810,Obesity_Type_II
811,Overweight_Level_I
812,Obesity_Type_III
813,Obesity_Type_III
814,Obesity_Type_II
815,Obesity_Type_I
816,Obesity_Type_II
817,Obesity_Type_III
818,Obesity_Type_II
819,Obesity_Type_II
820,Obesity_Type_II
821,Overweight_Level_I
822,Insufficient_Weight
823,Obesity_Type_III
824,Obesity_Type_II
825,Insufficient_Weight
826,Obesity_Type_II
827,Obesity_Type_III
828,Obesity_Type_III
829,Obesity_Type_II
830,Obesity_Type_III
831,Obesity_Type_II
832,Obesity_Type_II
833,Obesity_Type_III
834,Obesity_Type_III
835,Obesity_Type_II
836,Obesity_Type_III
837,Obesity_Type_III
838,Obesity_Type_III
839,Overweight_Level_I
840,Obesity_Type_III
841,Obesity_Type_II
842,Obesity_Type_III
843,Obesity_Type_III
844,Obesity_Type_II
845,Obesity_Type_I
846,Obesity_Type_III
847,Normal_Weight
848,Normal_Weight
849,Normal_Weight
850,Obesity_Type_III
851,Insufficient_Weight
852,Obesity_Type_III
853,Obesity_Type_II
854,Obesity_Type_III
855,Obesity_Type_I
856,Overweight_Level_I
857,Obesity_Type_II
858,Obesity_Type_II
859,Insufficient_Weight
860,Obesity_Type_II
861,Insufficient_Weight
862,Obesity_Type_II
863,Overweight_Level_I
864,Obesity_Type_III
865,Obesity_Type_II
866,Obesity_Type_II
867,Obesity_Type_I
868,Obesity_Type_I
869,Obesity_Type_II
870,Obesity_Type_II
871,Overweight_Level_I
872,Obesity_Type_II
873,Insufficient_Weight
874,Obesity_Type_II
875,Obesity_Type_II
876,Obesity_Type_II
877,Obesity_Type_II
878,Obesity_Type_II
879,Obesity_Type_II
880,Overweight_Level_I
881,Obesity_Type_III
882,Insufficient_Weight
883,Normal_Weight
884,Overweight_Level_I
885,Obesity_Type_III
886,Obesity_Type_II
887,Obesity_Type_III
888,Overweight_Level_I
889,Normal_Weight
890,Overweight_Level_I
891,Obesity_Type_II
892,Overweight_Level_I
893,Overweight_Level_I
894,Obesity_Type_II
895,Overweight_Level_I
896,Overweight_Level_I
897,Overweight_Level_I
898,Overweight_Level_I
899,Obesity_Type_II
900,Overweight_Level_I
901,Obesity_Type_II
902,Overweight_Level_I
903,Obesity_Type_III
904,Obesity_Type_II
905,Obesity_Type_II
906,Obesity_Type_II
907,Insufficient_Weight
908,Obesity_Type_II
909,Obesity_Type_II
910,Obesity_Type_II
911,Obesity_Type_II
912,Insufficient_Weight
913,Obesity_Type_III
914,Obesity_Type_II
915,Obesity_Type_II
916,Overweight_Level_I
917,Obesity_Type_II
918,Obesity_Type_II
919,Obesity_Type_II
920,Obesity_Type_II
921,Obesity_Type_II
922,Obesity_Type_II
923,Insufficient_Weight
924,Obesity_Type_II
925,Obesity_Type_II
926,Obesity_Type_II
927,Obesity_Type_III
928,Obesity_Type_II
929,Obesity_Type_I
930,Obesity_Type_II
931,Obesity_Type_II
932,Obesity_Type_III
933,Obesity_Type_II
934,Insufficient_Weight
935,Obesity_Type_I
936,Obesity_Type_I
937,Obesity_Type_I
938,Insufficient_Weight
939,Obesity_Type_III
940,Normal_Weight
941,Obesity_Type_III
942,Normal_Weight
943,Obesity_Type_III
944,Obesity_Type_III
945,Obesity_Type_III
946,Obesity_Type_III
947,Obesity_Type_II
948,Normal_Weight
949,Obesity_Type_III
950,Obesity_Type_II
951,Insufficient_Weight
952,Insufficient_Weight
953,Obesity_Type_III
954,Obesity_Type_III
955,Normal_Weight
956,Overweight_Level_I
957,Overweight_Level_I
958,Obesity_Type_I
959,Insufficient_Weight
960,Obesity_Type_III
961,Obesity_Type_II
962,Obesity_Type_II
963,Obesity_Type_III
964,Obesity_Type_II
965,Obesity_Type_III
966,Obesity_Type_III
967,Obesity_Type_II
968,Obesity_Type_III
969,Obesity_Type_II
970,Obesity_Type_III
971,Insufficient_Weight
972,Insufficient_Weight
973,Normal_Weight
974,Normal_Weight
975,Obesity_Type_II
976,Normal_Weight
977,Overweight_Level_I
978,Obesity_Type_II
979,Obesity_Type_III
980,Obesity_Type_III
981,Obesity_Type_II
982,Insufficient_Weight
983,Normal_Weight
984,Obesity_Type_III
985,Obesity_Type_II
986,Normal_Weight
987,Obesity_Type_I
988,Obesity_Type_III
989,Overweight_Level_I
990,Overweight_Level_I
991,Obesity_Type_II
992,Obesity_Type_II
993,Obesity_Type_II
994,Obesity_Type_III
995,Obesity_Type_III
996,Obesity_Type_III
997,Insufficient_Weight
998,Insufficient_Weight
999,Insufficient_Weight
1000,Obesity_Type_III
1001,Obesity_Type_III
1002,Obesity_Type_III
1003,Obesity_Type_III
1004,Overweight_Level_I
1005,Overweight_Level_I
1006,Obesity_Type_III
1007,Obesity_Type_II
1008,Obesity_Type_II
1009,Obesity_Type_II
1010,Overweight_Level_I
1011,Normal_Weight
1012,Insufficient_Weight
1013,Normal_Weight
1014,Obesity_Type_II
1015,Overweight_Level_I
1016,Insufficient_Weight
1017,Normal_Weight
1018,Obesity_Type_III
1019,Obesity_Type_II
1020,Obesity_Type_III
1021,Obesity_Type_II
1022,Obesity_Type_III
1023,Obesity_Type_II
1024,Obesity_Type_III
1025,Normal_Weight
1026,Obesity_Type_II
1027,Obesity_Type_III
1028,Obesity_Type_III
1029,Obesity_Type_II
1030,Obesity_Type_II
1031,Obesity_Type_II
1032,Obesity_Type_II
1033,Overweight_Level_I
1034,Obesity_Type_III
1035,Overweight_Level_I
1036,Overweight_Level_I
1037,Obesity_Type_I
1038,Obesity_Type_II
1039,Normal_Weight
1040,Insufficient_Weight
1041,Obesity_Type_II
1042,Obesity_Type_III
1043,Obesity_Type_II
1044,Obesity_Type_II
1045,Obesity_Type_II
1046,Obesity_Type_II
1047,Obesity_Type_II
1048,Obesity_Type_III
1049,Obesity_Type_III
1050,Overweight_Level_II
1051,Obesity_Type_III
1052,Overweight_Level_I
1053,Overweight_Level_I
1054,Overweight_Level_I
1055,Normal_Weight
1056,Obesity_Type_III
1057,Insufficient_Weight
1058,Obesity_Type_III
1059,Insufficient_Weight
1060,Obesity_Type_III
1061,Insufficient_Weight
1062,Overweight_Level_I
1063,Obesity_Type_III
1064,Overweight_Level_I
1065,Overweight_Level_I
1066,Obesity_Type_II
1067,Obesity_Type_I
1068,Normal_Weight
1069,Obesity_Type_III
1070,Overweight_Level_I
1071,Insufficient_Weight
1072,Obesity_Type_III
1073,Obesity_Type_III
1074,Obesity_Type_III
1075,Insufficient_Weight
1076,Obesity_Type_II
1077,Overweight_Level_I
1078,Obesity_Type_I
1079,Obesity_Type_III
1080,Normal_Weight
1081,Obesity_Type_II
1082,Insufficient_Weight
1083,Obesity_Type_II
1084,Obesity_Type_II
1085,Insufficient_Weight
1086,Insufficient_Weight
1087,Obesity_Type_I
1088,Insufficient_Weight
1089,Obesity_Type_II
1090,Obesity_Type_III
1091,Obesity_Type_I
1092,Obesity_Type_II
1093,Insufficient_Weight
1094,Obesity_Type_III
1095,Obesity_Type_I
1096,Overweight_Level_I
1097,Insufficient_Weight
1098,Obesity_Type_III
1099,Obesity_Type_III
1100,Obesity_Type_III
1101,Obesity_Type_III
1102,Obesity_Type_I
1103,Normal_Weight
1104,Obesity_Type_II
1105,Obesity_Type_II
1106,Obesity_Type_III
1107,Obesity_Type_III
1108,Insufficient_Weight
1109,Obesity_Type_II
1110,Obesity_Type_I
1111,Obesity_Type_II
1112,Overweight_Level_I
1113,Obesity_Type_II
1114,Obesity_Type_III
1115,Obesity_Type_II
1116,Insufficient_Weight
1117,Obesity_Type_II
1118,Overweight_Level_I
1119,Overweight_Level_I
1120,Overweight_Level_I
1121,Insufficient_Weight
1122,Overweight_Level_I
1123,Overweight_Level_I
1124,Overweight_Level_I
1125,Obesity_Type_III
1126,Obesity_Type_III
1127,Overweight_Level_I
1128,Overweight_Level_I
1129,Insufficient_Weight
1130,Obesity_Type_III
1131,Overweight_Level_I
1132,Obesity_Type_III
1133,Normal_Weight
1134,Insufficient_Weight
1135,Obesity_Type_III
1136,Obesity_Type_II
1137,Obesity_Type_II
1138,Obesity_Type_III
1139,Insufficient_Weight
1140,Obesity_Type_II
1141,Obesity_Type_III
1142,Obesity_Type_II
1143,Obesity_Type_III
1144,Insufficient_Weight
1145,Overweight_Level_I
1146,Overweight_Level_I
1147,Obesity_Type_III
1148,Obesity_Type_II
1149,Obesity_Type_II
1150,Obesity_Type_II
1151,Obesity_Type_III
1152,Obesity_Type_II
1153,Insufficient_Weight
1154,Obesity_Type_III
1155,Obesity_Type_III
1156,Obesity_Type_II
1157,Obesity_Type_III
1158,Obesity_Type_III
1159,Obesity_Type_II
1160,Insufficient_Weight
1161,Obesity_Type_III
1162,Obesity_Type_II
1163,Overweight_Level_I
1164,Overweight_Level_I
1165,Overweight_Level_I
1166,Obesity_Type_III
1167,Obesity_Type_III
1168,Obesity_Type_III
1169,Obesity_Type_III
1170,Obesity_Type_II
1171,Obesity_Type_II
1172,Insufficient_Weight
1173,Overweight_Level_I
1174,Obesity_Type_III
1175,Overweight_Level_I
1176,Insufficient_Weight
1177,Obesity_Type_II
1178,Insufficient_Weight
1179,Obesity_Type_II
1180,Obesity_Type_III
1181,Overweight_Level_I
1182,Obesity_Type_II
1183,Normal_Weight
1184,Obesity_Type_III
1185,Normal_Weight
1186,Obesity_Type_III
1187,Obesity_Type_III
1188,Obesity_Type_III
1189,Insufficient_Weight
1190,Obesity_Type_III
1191,Obesity_Type_III
1192,Normal_Weight
1193,Obesity_Type_III
1194,Obesity_Type_II
1195,Obesity_Type_III
1196,Overweight_Level_I
1197,Obesity_Type_II
1198,Obesity_Type_II
1199,Obesity_Type_II
1200,Normal_Weight
1201,Normal_Weight
1202,Obesity_Type_II
1203,Obesity_Type_III
1204,Obesity_Type_III
1205,Obesity_Type_I
1206,Obesity_Type_II
1207,Obesity_Type_III
1208,Overweight_Level_I
1209,Obesity_Type_III
1210,Obesity_Type_I
1211,Overweight_Level_I
1212,Insufficient_Weight
1213,Insufficient_Weight
1214,Obesity_Type_III
1215,Normal_Weight
1216,Obesity_Type_III
1217,Overweight_Level_I
1218,Obesity_Type_III
1219,Obesity_Type_II
1220,Insufficient_Weight
1221,Insufficient_Weight
1222,Obesity_Type_II
1223,Obesity_Type_II
1224,Overweight_Level_I
1225,Obesity_Type_III
1226,Obesity_Type_II
1227,Obesity_Type_II
1228,Obesity_Type_II
1229,Overweight_Level_I
1230,Obesity_Type_II
1231,Overweight_Level_I
1232,Obesity_Type_III
1233,Obesity_Type_III
1234,Obesity_Type_II
1235,Obesity_Type_II
1236,Overweight_Level_I
1237,Normal_Weight
1238,Obesity_Type_III
1239,Obesity_Type_II
1240,Insufficient_Weight
1241,Obesity_Type_II
1242,Overweight_Level_I
1243,Obesity_Type_II
1244,Normal_Weight
1245,Obesity_Type_II
1246,Obesity_Type_III
1247,Insufficient_Weight
1248,Obesity_Type_III
1249,Obesity_Type_II
1250,Obesity_Type_II
1251,Obesity_Type_II
1252,Obesity_Type_II
1253,Obesity_Type_III
1254,Obesity_Type_III
1255,Obesity_Type_III
1256,Obesity_Type_II
1257,Normal_Weight
1258,Obesity_Type_II
1259,Obesity_Type_III
1260,Obesity_Type_I
1261,Insufficient_Weight
1262,Overweight_Level_I
1263,Normal_Weight
1264,Insufficient_Weight
1265,Obesity_Type_II
1266,Overweight_Level_I
1267,Obesity_Type_III
1268,Obesity_Type_II
1269,Obesity_Type_II
1270,Insufficient_Weight
1271,Insufficient_Weight
1272,Obesity_Type_III
1273,Obesity_Type_III
1274,Obesity_Type_II
1275,Obesity_Type_II
1276,Normal_Weight
1277,Obesity_Type_III
1278,Obesity_Type_III
1279,Obesity_Type_III
1280,Obesity_Type_II
1281,Normal_Weight
1282,Obesity_Type_II
1283,Normal_Weight
1284,Overweight_Level_I
1285,Obesity_Type_II
1286,Obesity_Type_II
1287,Obesity_Type_III
1288,Normal_Weight
1289,Overweight_Level_I
1290,Overweight_Level_I
1291,Obesity_Type_III
1292,Obesity_Type_II
1293,Obesity_Type_II
1294,Obesity_Type_II
1295,Insufficient_Weight
1296,Overweight_Level_I
1297,Obesity_Type_II
1298,Obesity_Type_II
1299,Obesity_Type_II
1300,Obesity_Type_III
1301,Normal_Weight
1302,Obesity_Type_III
1303,Obesity_Type_III
1304,Obesity_Type_II
1305,Obesity_Type_II
1306,Obesity_Type_II
1307,Obesity_Type_II
1308,Obesity_Type_II
1309,Overweight_Level_I
1310,Obesity_Type_II
1311,Obesity_Type_III
1312,Obesity_Type_III
1313,Obesity_Type_III
1314,Obesity_Type_I
1315,Obesity_Type_II
1316,Obesity_Type_II
1317,Obesity_Type_II
1318,Obesity_Type_II
1319,Obesity_Type_III
1320,Obesity_Type_III
1321,Obesity_Type_II
1322,Insufficient_Weight
1323,Obesity_Type_III
1324,Obesity_Type_III
1325,Obesity_Type_III
1326,Insufficient_Weight
1327,Overweight_Level_I
1328,Insufficient_Weight
1329,Overweight_Level_I
1330,Obesity_Type_II
1331,Normal_Weight
1332,Obesity_Type_II
1333,Insufficient_Weight
1334,Obesity_Type_II
1335,Overweight_Level_I
1336,Overweight_Level_I
1337,Obesity_Type_II
1338,Overweight_Level_I
1339,Obesity_Type_II
1340,Insufficient_Weight
1341,Obesity_Type_II
1342,Insufficient_Weight
1343,Obesity_Type_III
1344,Insufficient_Weight
1345,Normal_Weight
1346,Normal_Weight
1347,Overweight_Level_I
1348,Obesity_Type_II
1349,Overweight_Level_I
1350,Obesity_Type_II
1351,Obesity_Type_I
1352,Obesity_Type_III
1353,Overweight_Level_I
1354,Obesity_Type_III
1355,Overweight_Level_I
1356,Insufficient_Weight
1357,Insufficient_Weight
1358,Obesity_Type_II
1359,Obesity_Type_III
1360,Overweight_Level_I
1361,Insufficient_Weight
1362,Obesity_Type_II
1363,Obesity_Type_II
1364,Insufficient_Weight
1365,Obesity_Type_III
1366,Obesity_Type_III
1367,Overweight_Level_I
1368,Obesity_Type_II
1369,Obesity_Type_I
1370,Obesity_Type_II
1371,Obesity_Type_II
1372,Obesity_Type_III
1373,Normal_Weight
1374,Obesity_Type_III
1375,Obesity_Type_II
1376,Obesity_Type_I
1377,Obesity_Type_II
1378,Obesity_Type_III
1379,Insufficient_Weight
1380,Normal_Weight
1381,Insufficient_Weight
1382,Obesity_Type_II
1383,Obesity_Type_II
1384,Obesity_Type_I
1385,Obesity_Type_III
1386,Obesity_Type_III
1387,Normal_Weight
1388,Obesity_Type_III
1389,Obesity_Type_I
1390,Obesity_Type_III
1391,Insufficient_Weight
1392,Obesity_Type_II
1393,Obesity_Type_III
1394,Obesity_Type_III
1395,Obesity_Type_II
1396,Overweight_Level_I
1397,Insufficient_Weight
1398,Normal_Weight
1399,Obesity_Type_II
1400,Obesity_Type_III
1401,Obesity_Type_III
1402,Normal_Weight
1403,Obesity_Type_III
1404,Insufficient_Weight
1405,Obesity_Type_I
1406,Insufficient_Weight
1407,Overweight_Level_I
1408,Overweight_Level_I
1409,Obesity_Type_III
1410,Obesity_Type_II
1411,Obesity_Type_III
1412,Obesity_Type_III
1413,Obesity_Type_III
1414,Obesity_Type_II
1415,Obesity_Type_III
1416,Overweight_Level_I
1417,Insufficient_Weight
1418,Obesity_Type_III
1419,Obesity_Type_III
1420,Obesity_Type_III
1421,Obesity_Type_III
1422,Obesity_Type_II
1423,Overweight_Level_I
1424,Normal_Weight
1425,Normal_Weight
1426,Obesity_Type_III
1427,Obesity_Type_III
1428,Obesity_Type_III
1429,Insufficient_Weight
1430,Insufficient_Weight
1431,Obesity_Type_II
1432,Obesity_Type_II
1433,Normal_Weight
1434,Obesity_Type_II
1435,Normal_Weight
1436,Obesity_Type_III
1437,Overweight_Level_I
1438,Obesity_Type_II
1439,Obesity_Type_II
1440,Normal_Weight
1441,Overweight_Level_I
1442,Obesity_Type_II
1443,Obesity_Type_II
1444,Insufficient_Weight
1445,Obesity_Type_III
1446,Obesity_Type_II
1447,Obesity_Type_III
1448,Overweight_Level_I
1449,Obesity_Type_III
1450,Obesity_Type_III
1451,Normal_Weight
1452,Obesity_Type_III
1453,Obesity_Type_II
1454,Obesity_Type_III
1455,Obesity_Type_II
1456,Obesity_Type_III
1457,Normal_Weight
1458,Obesity_Type_II
1459,Normal_Weight
1460,Obesity_Type_III
1461,Obesity_Type_I
1462,Obesity_Type_II
1463,Obesity_Type_II
1464,Obesity_Type_III
1465,Obesity_Type_III
1466,Insufficient_Weight
1467,Overweight_Level_I
1468,Obesity_Type_III
1469,Obesity_Type_I
1470,Obesity_Type_II
1471,Obesity_Type_II
1472,Overweight_Level_I
1473,Obesity_Type_III
1474,Insufficient_Weight
1475,Normal_Weight
1476,Obesity_Type_I
1477,Obesity_Type_II
1478,Obesity_Type_III
1479,Obesity_Type_II
1480,Obesity_Type_I
1481,Obesity_Type_III
1482,Normal_Weight
1483,Obesity_Type_III
1484,Obesity_Type_III
1485,Obesity_Type_II
1486,Obesity_Type_III
1487,Obesity_Type_II
1488,Obesity_Type_II
1489,Obesity_Type_III
1490,Obesity_Type_II
1491,Obesity_Type_III
1492,Obesity_Type_I
1493,Obesity_Type_III
1494,Insufficient_Weight
1495,Obesity_Type_II
1496,Obesity_Type_II
1497,Obesity_Type_III
1498,Normal_Weight
1499,Obesity_Type_III
1500,Obesity_Type_III
1501,Obesity_Type_II
1502,Obesity_Type_II
1503,Obesity_Type_II
1504,Obesity_Type_II
1505,Obesity_Type_II
1506,Overweight_Level_I
1507,Obesity_Type_I
1508,Obesity_Type_II
1509,Normal_Weight
1510,Obesity_Type_III
1511,Insufficient_Weight
1512,Insufficient_Weight
1513,Obesity_Type_II
1514,Obesity_Type_II
1515,Normal_Weight
1516,Obesity_Type_III
1517,Insufficient_Weight
1518,Obesity_Type_I
1519,Insufficient_Weight
1520,Obesity_Type_II
1521,Obesity_Type_III
1522,Insufficient_Weight
1523,Obesity_Type_II
1524,Normal_Weight
1525,Overweight_Level_I
1526,Obesity_Type_III
1527,Obesity_Type_III
1528,Obesity_Type_II
1529,Obesity_Type_III
1530,Obesity_Type_III
1531,Obesity_Type_II
1532,Obesity_Type_II
1533,Obesity_Type_II
1534,Obesity_Type_III
1535,Obesity_Type_III
1536,Obesity_Type_II
1537,Overweight_Level_I
1538,Normal_Weight
1539,Overweight_Level_I
1540,Obesity_Type_III
1541,Obesity_Type_II
1542,Obesity_Type_II
1543,Insufficient_Weight
1544,Insufficient_Weight
1545,Obesity_Type_III
1546,Obesity_Type_III
1547,Overweight_Level_II
1548,Obesity_Type_II
1549,Obesity_Type_II
1550,Insufficient_Weight
1551,Normal_Weight
1552,Normal_Weight
1553,Obesity_Type_II
1554,Obesity_Type_II
1555,Obesity_Type_III
1556,Obesity_Type_III
1557,Obesity_Type_III
1558,Normal_Weight
1559,Obesity_Type_I
1560,Obesity_Type_I
1561,Obesity_Type_II
1562,Obesity_Type_III
1563,Overweight_Level_I
1564,Obesity_Type_III
1565,Insufficient_Weight
1566,Insufficient_Weight
1567,Obesity_Type_II
1568,Insufficient_Weight
1569,Obesity_Type_II
1570,Obesity_Type_III
1571,Insufficient_Weight
1572,Overweight_Level_I
1573,Obesity_Type_II
1574,Obesity_Type_III
1575,Obesity_Type_III
1576,Insufficient_Weight
1577,Normal_Weight
1578,Obesity_Type_I
1579,Obesity_Type_III
1580,Obesity_Type_III
1581,Obesity_Type_III
1582,Obesity_Type_II
1583,Obesity_Type_I
1584,Obesity_Type_II
1585,Insufficient_Weight
1586,Overweight_Level_I
1587,Obesity_Type_III
1588,Obesity_Type_II
1589,Obesity_Type_III
1590,Obesity_Type_III
1591,Overweight_Level_I
1592,Obesity_Type_II
1593,Obesity_Type_III
1594,Overweight_Level_I
1595,Obesity_Type_II
1596,Insufficient_Weight
1597,Obesity_Type_II
1598,Obesity_Type_III
1599,Insufficient_Weight
1600,Obesity_Type_III
1601,Obesity_Type_II
1602,Obesity_Type_II
1603,Obesity_Type_III
1604,Overweight_Level_I
1605,Overweight_Level_I
1606,Overweight_Level_I
1607,Obesity_Type_III
1608,Obesity_Type_II
1609,Obesity_Type_I
1610,Obesity_Type_II
1611,Insufficient_Weight
1612,Obesity_Type_III
1613,Overweight_Level_I
1614,Obesity_Type_III
1615,Obesity_Type_II
1616,Obesity_Type_II
1617,Obesity_Type_III
1618,Obesity_Type_II
1619,Obesity_Type_III
1620,Obesity_Type_I
1621,Obesity_Type_III
1622,Obesity_Type_III
1623,Insufficient_Weight
1624,Obesity_Type_II
1625,Obesity_Type_III
1626,Obesity_Type_II
1627,Obesity_Type_II
1628,Obesity_Type_II
1629,Obesity_Type_II
1630,Overweight_Level_I
1631,Obesity_Type_III
1632,Obesity_Type_II
1633,Overweight_Level_I
1634,Normal_Weight
1635,Overweight_Level_I
1636,Obesity_Type_II
1637,Normal_Weight
1638,Overweight_Level_I
1639,Insufficient_Weight
1640,Obesity_Type_I
1641,Insufficient_Weight
1642,Insufficient_Weight
1643,Insufficient_Weight
1644,Obesity_Type_II
1645,Insufficient_Weight
1646,Overweight_Level_I
1647,Obesity_Type_II
1648,Obesity_Type_III
1649,Obesity_Type_I
1650,Obesity_Type_II
1651,Obesity_Type_II
1652,Obesity_Type_III
1653,Obesity_Type_II
1654,Obesity_Type_II
1655,Overweight_Level_I
1656,Obesity_Type_II
1657,Insufficient_Weight
1658,Obesity_Type_III
1659,Normal_Weight
1660,Overweight_Level_I
1661,Obesity_Type_II
1662,Obesity_Type_II
1663,Obesity_Type_II
1664,Obesity_Type_II
1665,Overweight_Level_I
1666,Obesity_Type_II
1667,Obesity_Type_III
1668,Obesity_Type_III
1669,Obesity_Type_II
1670,Obesity_Type_III
1671,Obesity_Type_II
1672,Obesity_Type_II
1673,Overweight_Level_I
1674,Obesity_Type_III
1675,Obesity_Type_II
1676,Obesity_Type_II
1677,Insufficient_Weight
1678,Overweight_Level_I
1679,Obesity_Type_II
1680,Insufficient_Weight
1681,Obesity_Type_III
1682,Insufficient_Weight
1683,Overweight_Level_I
1684,Normal_Weight
1685,Insufficient_Weight
1686,Obesity_Type_II
1687,Insufficient_Weight
1688,Obesity_Type_III
1689,Obesity_Type_II
1690,Overweight_Level_I
1691,Overweight_Level_I
1692,Obesity_Type_III
1693,Obesity_Type_III
1694,Obesity_Type_II
1695,Obesity_Type_III
1696,Insufficient_Weight
1697,Obesity_Type_III
1698,Overweight_Level_I
1699,Normal_Weight
1700,Overweight_Level_I
1701,Obesity_Type_III
1702,Obesity_Type_II
1703,Overweight_Level_I
1704,Obesity_Type_II
1705,Obesity_Type_II
1706,Obesity_Type_II
1707,Obesity_Type_III
1708,Obesity_Type_III
1709,Obesity_Type_III
1710,Obesity_Type_I
1711,Overweight_Level_I
1712,Overweight_Level_I
1713,Obesity_Type_II
1714,Obesity_Type_II
1715,Obesity_Type_III
1716,Normal_Weight
1717,Obesity_Type_III
1718,Obesity_Type_II
1719,Insufficient_Weight
1720,Obesity_Type_II
1721,Overweight_Level_I
1722,Obesity_Type_III
1723,Overweight_Level_I
1724,Insufficient_Weight
1725,Insufficient_Weight
1726,Obesity_Type_II
1727,Overweight_Level_I
1728,Obesity_Type_I
1729,Obesity_Type_III
1730,Obesity_Type_III
1731,Obesity_Type_II
1732,Obesity_Type_II
1733,Obesity_Type_III
1734,Overweight_Level_I
1735,Obesity_Type_III
1736,Obesity_Type_II
1737,Obesity_Type_II
1738,Obesity_Type_II
1739,Obesity_Type_II
1740,Overweight_Level_I
1741,Overweight_Level_I
1742,Normal_Weight
1743,Insufficient_Weight
1744,Overweight_Level_I
1745,Overweight_Level_I
1746,Obesity_Type_II
1747,Obesity_Type_II
1748,Insufficient_Weight
1749,Obesity_Type_III
1750,Overweight_Level_I
1751,Obesity_Type_II
1752,Overweight_Level_I
1753,Obesity_Type_III
1754,Obesity_Type_III
1755,Overweight_Level_I
1756,Obesity_Type_III
1757,Obesity_Type_III
1758,Normal_Weight
1759,Obesity_Type_III
1760,Obesity_Type_II
1761,Insufficient_Weight
1762,Obesity_Type_III
1763,Insufficient_Weight
1764,Normal_Weight
1765,Obesity_Type_II
1766,Obesity_Type_II
1767,Obesity_Type_I
1768,Obesity_Type_II
1769,Obesity_Type_II
1770,Obesity_Type_III
1771,Obesity_Type_III
1772,Obesity_Type_III
1773,Obesity_Type_II
1774,Obesity_Type_II
1775,Obesity_Type_III
1776,Overweight_Level_I
1777,Insufficient_Weight
1778,Obesity_Type_II
1779,Obesity_Type_II
1780,Obesity_Type_I
1781,Obesity_Type_II
1782,Normal_Weight
1783,Obesity_Type_III
1784,Obesity_Type_II
1785,Obesity_Type_II
1786,Obesity_Type_III
1787,Obesity_Type_III
1788,Insufficient_Weight
1789,Obesity_Type_III
1790,Overweight_Level_I
1791,Obesity_Type_III
1792,Insufficient_Weight
1793,Obesity_Type_II
1794,Normal_Weight
1795,Overweight_Level_I
1796,Obesity_Type_III
1797,Obesity_Type_III
1798,Overweight_Level_I
1799,Obesity_Type_III
1800,Insufficient_Weight
1801,Insufficient_Weight
1802,Obesity_Type_III
1803,Obesity_Type_III
1804,Obesity_Type_II
1805,Overweight_Level_I
1806,Obesity_Type_III
1807,Obesity_Type_II
1808,Obesity_Type_III
1809,Obesity_Type_II
1810,Obesity_Type_I
1811,Obesity_Type_II
1812,Obesity_Type_III
1813,Normal_Weight
1814,Obesity_Type_I
1815,Overweight_Level_I
1816,Overweight_Level_I
1817,Insufficient_Weight
1818,Obesity_Type_III
1819,Insufficient_Weight
1820,Obesity_Type_II
1821,Obesity_Type_II
1822,Obesity_Type_II
1823,Obesity_Type_III
1824,Obesity_Type_II
1825,Obesity_Type_III
1826,Obesity_Type_III
1827,Overweight_Level_I
1828,Obesity_Type_II
1829,Obesity_Type_III
1830,Obesity_Type_II
1831,Obesity_Type_II
1832,Obesity_Type_II
1833,Obesity_Type_III
1834,Obesity_Type_III
1835,Normal_Weight
1836,Normal_Weight
1837,Overweight_Level_I
1838,Obesity_Type_II
1839,Overweight_Level_I
1840,Overweight_Level_I
1841,Obesity_Type_I
1842,Obesity_Type_II
1843,Obesity_Type_III
1844,Obesity_Type_II
1845,Obesity_Type_III
1846,Obesity_Type_III
1847,Obesity_Type_III
1848,Insufficient_Weight
1849,Obesity_Type_II
1850,Insufficient_Weight
1851,Insufficient_Weight
1852,Overweight_Level_I
1853,Obesity_Type_II
1854,Obesity_Type_II
1855,Normal_Weight
1856,Obesity_Type_III
1857,Insufficient_Weight
1858,Obesity_Type_III
1859,Obesity_Type_II
1860,Normal_Weight
1861,Obesity_Type_III
1862,Obesity_Type_III
1863,Obesity_Type_III
1864,Obesity_Type_III
1865,Obesity_Type_II
1866,Overweight_Level_I
1867,Obesity_Type_II
1868,Insufficient_Weight
1869,Obesity_Type_III
1870,Overweight_Level_I
1871,Insufficient_Weight
1872,Obesity_Type_II
1873,Obesity_Type_III
1874,Overweight_Level_I
1875,Obesity_Type_II
1876,Insufficient_Weight
1877,Insufficient_Weight
1878,Normal_Weight
1879,Obesity_Type_III
1880,Obesity_Type_III
1881,Overweight_Level_I
1882,Obesity_Type_I
1883,Obesity_Type_III
1884,Obesity_Type_II
1885,Normal_Weight
1886,Obesity_Type_III
1887,Obesity_Type_II
1888,Insufficient_Weight
1889,Insufficient_Weight
1890,Insufficient_Weight
1891,Overweight_Level_I
1892,Obesity_Type_III
1893,Obesity_Type_II
1894,Normal_Weight
1895,Normal_Weight
1896,Overweight_Level_I
1897,Obesity_Type_I
1898,Obesity_Type_II
1899,Obesity_Type_III
1900,Obesity_Type_II
1901,Obesity_Type_II
1902,Obesity_Type_II
1903,Obesity_Type_III
1904,Obesity_Type_II
1905,Obesity_Type_III
1906,Obesity_Type_III
1907,Obesity_Type_II
1908,Obesity_Type_III
1909,Obesity_Type_III
1910,Normal_Weight
1911,Normal_Weight
1912,Normal_Weight
1913,Obesity_Type_III
1914,Obesity_Type_II
1915,Insufficient_Weight
1916,Obesity_Type_II
1917,Obesity_Type_III
1918,Obesity_Type_II
1919,Normal_Weight
1920,Overweight_Level_I
1921,Obesity_Type_III
1922,Obesity_Type_II
1923,Obesity_Type_III
1924,Obesity_Type_II
1925,Obesity_Type_III
1926,Obesity_Type_III
1927,Overweight_Level_I
1928,Obesity_Type_III
1929,Obesity_Type_III
1930,Obesity_Type_II
1931,Overweight_Level_I
1932,Normal_Weight
1933,Insufficient_Weight
1934,Overweight_Level_I
1935,Overweight_Level_I
1936,Overweight_Level_I
1937,Normal_Weight
1938,Normal_Weight
1939,Obesity_Type_II
1940,Normal_Weight
1941,Normal_Weight
1942,Obesity_Type_III
1943,Normal_Weight
1944,Obesity_Type_I
1945,Obesity_Type_III
1946,Obesity_Type_II
1947,Obesity_Type_III
1948,Obesity_Type_II
1949,Insufficient_Weight
1950,Obesity_Type_I
1951,Obesity_Type_I
1952,Obesity_Type_II
1953,Obesity_Type_III
1954,Overweight_Level_I
1955,Overweight_Level_I
1956,Obesity_Type_III
1957,Insufficient_Weight
1958,Obesity_Type_III
1959,Obesity_Type_II
1960,Obesity_Type_I
1961,Overweight_Level_I
1962,Obesity_Type_III
1963,Obesity_Type_III
1964,Obesity_Type_II
1965,Obesity_Type_II
1966,Obesity_Type_III
1967,Obesity_Type_I
1968,Normal_Weight
1969,Obesity_Type_III
1970,Obesity_Type_III
1971,Obesity_Type_III
1972,Obesity_Type_III
1973,Obesity_Type_III
1974,Overweight_Level_I
1975,Obesity_Type_II
1976,Obesity_Type_III
1977,Obesity_Type_I
1978,Obesity_Type_III
1979,Insufficient_Weight
1980,Obesity_Type_II
1981,Insufficient_Weight
1982,Obesity_Type_III
1983,Obesity_Type_II
1984,Obesity_Type_II
1985,Insufficient_Weight
1986,Overweight_Level_I
1987,Normal_Weight
1988,Obesity_Type_II
1989,Obesity_Type_I
1990,Obesity_Type_II
1991,Obesity_Type_II
1992,Obesity_Type_II
1993,Overweight_Level_I
1994,Obesity_Type_II
1995,Obesity_Type_III
1996,Obesity_Type_III
1997,Obesity_Type_III
1998,Obesity_Type_I
1999,Obesity_Type_II
2000,Obesity_Type_III
2001,Obesity_Type_II
2002,Obesity_Type_III
2003,Obesity_Type_II
2004,Obesity_Type_II
2005,Obesity_Type_I
2006,Obesity_Type_III
2007,Obesity_Type_III
2008,Obesity_Type_III
2009,Obesity_Type_II
2010,Obesity_Type_II
2011,Obesity_Type_I
2012,Normal_Weight
2013,Obesity_Type_II
2014,Overweight_Level_I
2015,Obesity_Type_I
2016,Obesity_Type_II
2017,Overweight_Level_I
2018,Obesity_Type_III
2019,Normal_Weight
2020,Obesity_Type_III
2021,Overweight_Level_I
2022,Obesity_Type_III
2023,Obesity_Type_II
2024,Obesity_Type_II
2025,Obesity_Type_II
2026,Obesity_Type_III
2027,Overweight_Level_I
2028,Overweight_Level_I
2029,Overweight_Level_I
2030,Obesity_Type_II
2031,Overweight_Level_I
2032,Overweight_Level_I
2033,Overweight_Level_I
2034,Obesity_Type_II
2035,Normal_Weight
2036,Obesity_Type_III
2037,Overweight_Level_I
2038,Obesity_Type_II
2039,Overweight_Level_I
2040,Overweight_Level_I
2041,Obesity_Type_III
2042,Normal_Weight
2043,Insufficient_Weight
2044,Obesity_Type_III
2045,Obesity_Type_III
2046,Insufficient_Weight
2047,Obesity_Type_II
2048,Obesity_Type_III
2049,Overweight_Level_I
2050,Obesity_Type_II
2051,Obesity_Type_II
2052,Obesity_Type_II
2053,Obesity_Type_II
2054,Obesity_Type_II
2055,Obesity_Type_III
2056,Obesity_Type_III
2057,Overweight_Level_I
2058,Obesity_Type_II
2059,Obesity_Type_II
2060,Overweight_Level_I
2061,Obesity_Type_III
2062,Obesity_Type_II
2063,Overweight_Level_I
2064,Normal_Weight
2065,Obesity_Type_III
2066,Obesity_Type_III
2067,Obesity_Type_II
2068,Obesity_Type_I
2069,Obesity_Type_III
2070,Obesity_Type_III
2071,Obesity_Type_II
2072,Insufficient_Weight
2073,Overweight_Level_I
2074,Obesity_Type_III
2075,Overweight_Level_I
2076,Obesity_Type_III
2077,Obesity_Type_II
2078,Obesity_Type_III
2079,Insufficient_Weight
2080,Normal_Weight
2081,Obesity_Type_III
2082,Obesity_Type_II
2083,Obesity_Type_II
2084,Obesity_Type_II
2085,Insufficient_Weight
2086,Insufficient_Weight
2087,Insufficient_Weight
2088,Normal_Weight
2089,Obesity_Type_III
2090,Normal_Weight
2091,Obesity_Type_III
2092,Insufficient_Weight
2093,Obesity_Type_III
2094,Overweight_Level_I
2095,Obesity_Type_I
2096,Obesity_Type_III
2097,Obesity_Type_II
2098,Obesity_Type_II
2099,Overweight_Level_I
2100,Obesity_Type_I
2101,Overweight_Level_I
2102,Obesity_Type_I
2103,Obesity_Type_I
2104,Obesity_Type_II
2105,Obesity_Type_II
2106,Normal_Weight
2107,Obesity_Type_III
2108,Obesity_Type_II
2109,Obesity_Type_III
2110,Overweight_Level_I
2111,Obesity_Type_III
2112,Obesity_Type_III
2113,Insufficient_Weight
2114,Overweight_Level_I
2115,Insufficient_Weight
2116,Obesity_Type_III
2117,Obesity_Type_II
2118,Obesity_Type_II
2119,Obesity_Type_III
2120,Insufficient_Weight
2121,Obesity_Type_I
2122,Overweight_Level_I
2123,Obesity_Type_III
2124,Obesity_Type_II
2125,Obesity_Type_II
2126,Obesity_Type_II
2127,Obesity_Type_II
2128,Insufficient_Weight
2129,Overweight_Level_I
2130,Insufficient_Weight
2131,Obesity_Type_I
2132,Obesity_Type_II
2133,Obesity_Type_III
2134,Normal_Weight
2135,Obesity_Type_III
2136,Insufficient_Weight
2137,Obesity_Type_II
2138,Obesity_Type_III
2139,Insufficient_Weight
2140,Insufficient_Weight
2141,Normal_Weight
2142,Obesity_Type_II
2143,Obesity_Type_II
2144,Normal_Weight
2145,Normal_Weight
2146,Insufficient_Weight
2147,Obesity_Type_III
2148,Obesity_Type_II
2149,Obesity_Type_III
2150,Overweight_Level_I
2151,Obesity_Type_II
2152,Obesity_Type_II
2153,Obesity_Type_II
2154,Obesity_Type_II
2155,Obesity_Type_III
2156,Overweight_Level_I
2157,Obesity_Type_III
2158,Obesity_Type_II
2159,Normal_Weight
2160,Obesity_Type_III
2161,Obesity_Type_III
2162,Normal_Weight
2163,Obesity_Type_III
2164,Obesity_Type_III
2165,Obesity_Type_I
2166,Obesity_Type_II
2167,Obesity_Type_III
2168,Obesity_Type_III
2169,Obesity_Type_III
2170,Normal_Weight
2171,Obesity_Type_II
2172,Normal_Weight
2173,Obesity_Type_II
2174,Overweight_Level_I
2175,Obesity_Type_I
2176,Obesity_Type_II
2177,Overweight_Level_I
2178,Obesity_Type_III
2179,Obesity_Type_III
2180,Insufficient_Weight
2181,Overweight_Level_I
2182,Insufficient_Weight
2183,Obesity_Type_I
2184,Obesity_Type_I
2185,Obesity_Type_II
2186,Normal_Weight
2187,Normal_Weight
2188,Obesity_Type_II
2189,Obesity_Type_III
2190,Obesity_Type_II
2191,Obesity_Type_I
2192,Obesity_Type_II
2193,Insufficient_Weight
2194,Obesity_Type_III
2195,Overweight_Level_I
2196,Insufficient_Weight
2197,Normal_Weight
2198,Overweight_Level_I
2199,Obesity_Type_II
2200,Insufficient_Weight
2201,Overweight_Level_I
2202,Obesity_Type_II
2203,Obesity_Type_III
2204,Obesity_Type_II
2205,Overweight_Level_I
2206,Obesity_Type_III
2207,Obesity_Type_II
2208,Insufficient_Weight
2209,Overweight_Level_I
2210,Obesity_Type_II
2211,Obesity_Type_I
2212,Obesity_Type_II
2213,Obesity_Type_III
2214,Obesity_Type_II
2215,Obesity_Type_II
2216,Normal_Weight
2217,Obesity_Type_II
2218,Obesity_Type_I
2219,Insufficient_Weight
2220,Obesity_Type_III
2221,Insufficient_Weight
2222,Obesity_Type_II
2223,Obesity_Type_II
2224,Obesity_Type_III
2225,Insufficient_Weight
2226,Obesity_Type_II
2227,Obesity_Type_III
2228,Obesity_Type_II
2229,Overweight_Level_I
2230,Normal_Weight
2231,Obesity_Type_II
2232,Obesity_Type_II
2233,Obesity_Type_III
2234,Obesity_Type_III
2235,Insufficient_Weight
2236,Obesity_Type_II
2237,Obesity_Type_II
2238,Insufficient_Weight
2239,Obesity_Type_III
2240,Insufficient_Weight
2241,Overweight_Level_I
2242,Obesity_Type_III
2243,Normal_Weight
2244,Normal_Weight
2245,Obesity_Type_II
2246,Obesity_Type_III
2247,Obesity_Type_III
2248,Obesity_Type_II
2249,Obesity_Type_III
2250,Obesity_Type_III
2251,Obesity_Type_II
2252,Normal_Weight
2253,Obesity_Type_III
2254,Obesity_Type_II
2255,Obesity_Type_III
2256,Obesity_Type_II
2257,Obesity_Type_II
2258,Obesity_Type_III
2259,Obesity_Type_III
2260,Obesity_Type_III
2261,Obesity_Type_III
2262,Obesity_Type_II
2263,Obesity_Type_I
2264,Obesity_Type_III
2265,Obesity_Type_III
2266,Obesity_Type_III
2267,Obesity_Type_I
2268,Obesity_Type_III
2269,Obesity_Type_III
2270,Obesity_Type_II
2271,Obesity_Type_III
2272,Obesity_Type_II
2273,Normal_Weight
2274,Overweight_Level_I
2275,Overweight_Level_I
2276,Insufficient_Weight
2277,Obesity_Type_II
2278,Obesity_Type_I
2279,Normal_Weight
2280,Obesity_Type_II
2281,Obesity_Type_I
2282,Overweight_Level_I
2283,Obesity_Type_III
2284,Obesity_Type_III
2285,Obesity_Type_II
2286,Obesity_Type_II
2287,Insufficient_Weight
2288,Obesity_Type_II
2289,Obesity_Type_II
2290,Obesity_Type_III
2291,Obesity_Type_I
2292,Obesity_Type_III
2293,Overweight_Level_I
2294,Overweight_Level_I
2295,Normal_Weight
2296,Obesity_Type_III
2297,Insufficient_Weight
2298,Obesity_Type_III
2299,Obesity_Type_II
2300,Obesity_Type_II
2301,Normal_Weight
2302,Insufficient_Weight
2303,Obesity_Type_II
2304,Obesity_Type_II
2305,Obesity_Type_II
2306,Obesity_Type_III
2307,Overweight_Level_I
2308,Insufficient_Weight
2309,Obesity_Type_II
2310,Obesity_Type_III
2311,Obesity_Type_II
2312,Obesity_Type_II
2313,Overweight_Level_I
2314,Obesity_Type_II
2315,Obesity_Type_III
2316,Obesity_Type_III
2317,Overweight_Level_I
2318,Obesity_Type_III
2319,Obesity_Type_III
2320,Obesity_Type_III
2321,Obesity_Type_III
2322,Obesity_Type_I
2323,Insufficient_Weight
2324,Obesity_Type_III
2325,Obesity_Type_II
2326,Insufficient_Weight
2327,Overweight_Level_I
2328,Obesity_Type_II
2329,Insufficient_Weight
2330,Obesity_Type_III
2331,Obesity_Type_II
2332,Obesity_Type_II
2333,Obesity_Type_I
2334,Obesity_Type_II
2335,Overweight_Level_I
2336,Obesity_Type_II
2337,Obesity_Type_II
2338,Insufficient_Weight
2339,Obesity_Type_II
2340,Obesity_Type_II
2341,Normal_Weight
2342,Obesity_Type_III
2343,Obesity_Type_III
2344,Obesity_Type_III
2345,Insufficient_Weight
2346,Overweight_Level_I
2347,Obesity_Type_III
2348,Insufficient_Weight
2349,Insufficient_Weight
2350,Obesity_Type_II
2351,Obesity_Type_II
2352,Obesity_Type_III
2353,Normal_Weight
2354,Obesity_Type_III
2355,Obesity_Type_III
2356,Insufficient_Weight
2357,Insufficient_Weight
2358,Obesity_Type_II
2359,Obesity_Type_I
2360,Obesity_Type_II
2361,Obesity_Type_III
2362,Obesity_Type_II
2363,Obesity_Type_III
2364,Obesity_Type_III
2365,Obesity_Type_III
2366,Insufficient_Weight
2367,Overweight_Level_I
2368,Obesity_Type_III
2369,Insufficient_Weight
2370,Obesity_Type_III
2371,Insufficient_Weight
2372,Obesity_Type_III
2373,Obesity_Type_II
2374,Obesity_Type_II
2375,Obesity_Type_III
2376,Obesity_Type_II
2377,Obesity_Type_III
2378,Insufficient_Weight
2379,Obesity_Type_III
2380,Obesity_Type_II
2381,Obesity_Type_III
2382,Obesity_Type_III
2383,Insufficient_Weight
2384,Obesity_Type_II
2385,Insufficient_Weight
2386,Obesity_Type_II
2387,Obesity_Type_II
2388,Obesity_Type_II
2389,Obesity_Type_III
2390,Obesity_Type_III
2391,Obesity_Type_III
2392,Obesity_Type_II
2393,Obesity_Type_III
2394,Obesity_Type_III
2395,Obesity_Type_III
2396,Obesity_Type_III
2397,Obesity_Type_II
2398,Obesity_Type_III
2399,Insufficient_Weight
2400,Obesity_Type_II
2401,Obesity_Type_I
2402,Obesity_Type_III
2403,Obesity_Type_II
2404,Obesity_Type_III
2405,Obesity_Type_II
2406,Insufficient_Weight
2407,Obesity_Type_III
2408,Obesity_Type_III
2409,Obesity_Type_II
2410,Insufficient_Weight
2411,Obesity_Type_III
2412,Obesity_Type_III
2413,Obesity_Type_II
2414,Obesity_Type_II
2415,Insufficient_Weight
2416,Insufficient_Weight
2417,Obesity_Type_III
2418,Obesity_Type_II
2419,Obesity_Type_III
2420,Obesity_Type_III
2421,Insufficient_Weight
2422,Obesity_Type_I
2423,Normal_Weight
2424,Normal_Weight
2425,Obesity_Type_I
2426,Obesity_Type_II
2427,Obesity_Type_III
2428,Normal_Weight
2429,Insufficient_Weight
2430,Obesity_Type_II
2431,Insufficient_Weight
2432,Insufficient_Weight
2433,Obesity_Type_II
2434,Obesity_Type_III
2435,Obesity_Type_III
2436,Obesity_Type_II
2437,Obesity_Type_III
2438,Obesity_Type_III
2439,Overweight_Level_I
2440,Normal_Weight
2441,Obesity_Type_II
2442,Obesity_Type_II
2443,Obesity_Type_II
2444,Obesity_Type_III
2445,Obesity_Type_II
2446,Obesity_Type_II
2447,Obesity_Type_II
2448,Insufficient_Weight
2449,Obesity_Type_I
2450,Normal_Weight
2451,Obesity_Type_III
2452,Obesity_Type_III
2453,Normal_Weight
2454,Overweight_Level_I
2455,Overweight_Level_I
2456,Insufficient_Weight
2457,Overweight_Level_I
2458,Overweight_Level_I
2459,Normal_Weight
2460,Obesity_Type_III
2461,Normal_Weight
2462,Obesity_Type_II
2463,Obesity_Type_II
2464,Insufficient_Weight
2465,Normal_Weight
2466,Obesity_Type_II
2467,Obesity_Type_III
2468,Normal_Weight
2469,Obesity_Type_III
2470,Obesity_Type_III
2471,Obesity_Type_II
2472,Obesity_Type_III
2473,Obesity_Type_II
2474,Obesity_Type_III
2475,Obesity_Type_III
2476,Obesity_Type_II
2477,Obesity_Type_II
2478,Obesity_Type_III
2479,Obesity_Type_III
2480,Insufficient_Weight
2481,Obesity_Type_III
2482,Obesity_Type_III
2483,Obesity_Type_III
2484,Normal_Weight
2485,Overweight_Level_I
2486,Obesity_Type_III
2487,Obesity_Type_III
2488,Obesity_Type_I
2489,Insufficient_Weight
2490,Obesity_Type_II
2491,Normal_Weight
2492,Obesity_Type_III
2493,Overweight_Level_I
2494,Insufficient_Weight
2495,Normal_Weight
2496,Insufficient_Weight
2497,Normal_Weight
2498,Insufficient_Weight
2499,Obesity_Type_III
2500,Normal_Weight
2501,Obesity_Type_II
2502,Obesity_Type_III
2503,Insufficient_Weight
2504,Obesity_Type_II
2505,Obesity_Type_I
2506,Obesity_Type_II
2507,Obesity_Type_II
2508,Overweight_Level_II
2509,Overweight_Level_I
2510,Normal_Weight
2511,Obesity_Type_III
2512,Overweight_Level_I
2513,Overweight_Level_I
2514,Obesity_Type_II
2515,Obesity_Type_III
2516,Obesity_Type_II
2517,Obesity_Type_II
2518,Obesity_Type_III
2519,Obesity_Type_III
2520,Obesity_Type_II
2521,Overweight_Level_I
2522,Insufficient_Weight
2523,Obesity_Type_III
2524,Obesity_Type_III
2525,Overweight_Level_I
2526,Obesity_Type_II
2527,Obesity_Type_II
2528,Obesity_Type_II
2529,Obesity_Type_II
2530,Obesity_Type_II
2531,Insufficient_Weight
2532,Overweight_Level_I
2533,Insufficient_Weight
2534,Obesity_Type_III
2535,Normal_Weight
2536,Normal_Weight
2537,Obesity_Type_III
2538,Obesity_Type_III
2539,Obesity_Type_II
2540,Overweight_Level_I
2541,Obesity_Type_II
2542,Obesity_Type_III
2543,Normal_Weight
2544,Obesity_Type_I
2545,Obesity_Type_III
2546,Obesity_Type_II
2547,Obesity_Type_II
2548,Insufficient_Weight
2549,Obesity_Type_II
2550,Obesity_Type_III
2551,Overweight_Level_I
2552,Obesity_Type_II
2553,Normal_Weight
2554,Obesity_Type_II
2555,Obesity_Type_II
2556,Obesity_Type_II
2557,Normal_Weight
2558,Obesity_Type_III
2559,Obesity_Type_II
2560,Obesity_Type_III
2561,Overweight_Level_I
2562,Insufficient_Weight
2563,Obesity_Type_III
2564,Obesity_Type_II
2565,Insufficient_Weight
2566,Obesity_Type_III
2567,Insufficient_Weight
2568,Obesity_Type_III
2569,Obesity_Type_III
2570,Obesity_Type_II
2571,Insufficient_Weight
2572,Obesity_Type_II
2573,Obesity_Type_III
2574,Obesity_Type_III
2575,Obesity_Type_II
2576,Insufficient_Weight
2577,Obesity_Type_II
2578,Obesity_Type_II
2579,Normal_Weight
2580,Obesity_Type_III
2581,Overweight_Level_I
2582,Obesity_Type_II
2583,Obesity_Type_II
2584,Obesity_Type_II
2585,Obesity_Type_II
2586,Obesity_Type_III
2587,Insufficient_Weight
2588,Obesity_Type_II
2589,Obesity_Type_III
2590,Obesity_Type_II
2591,Obesity_Type_II
2592,Normal_Weight
2593,Insufficient_Weight
2594,Overweight_Level_I
2595,Obesity_Type_III
2596,Obesity_Type_III
2597,Obesity_Type_II
2598,Overweight_Level_I
2599,Insufficient_Weight
2600,Obesity_Type_II
2601,Obesity_Type_II
2602,Obesity_Type_II
2603,Insufficient_Weight
2604,Obesity_Type_II
2605,Obesity_Type_II
2606,Insufficient_Weight
2607,Overweight_Level_I
2608,Obesity_Type_I
2609,Overweight_Level_I
2610,Obesity_Type_II
2611,Obesity_Type_III
2612,Normal_Weight
2613,Overweight_Level_II
2614,Obesity_Type_III
2615,Overweight_Level_I
2616,Obesity_Type_III
2617,Insufficient_Weight
2618,Obesity_Type_II
2619,Obesity_Type_II
2620,Obesity_Type_II
2621,Overweight_Level_I
2622,Insufficient_Weight
2623,Obesity_Type_III
2624,Obesity_Type_I
2625,Overweight_Level_I
2626,Overweight_Level_I
2627,Obesity_Type_II
2628,Obesity_Type_II
2629,Obesity_Type_III
2630,Obesity_Type_II
2631,Obesity_Type_II
2632,Obesity_Type_III
2633,Obesity_Type_III
2634,Obesity_Type_III
2635,Insufficient_Weight
2636,Insufficient_Weight
2637,Insufficient_Weight
2638,Overweight_Level_I
2639,Obesity_Type_III
2640,Obesity_Type_III
2641,Obesity_Type_III
2642,Obesity_Type_III
2643,Obesity_Type_II
2644,Obesity_Type_II
2645,Overweight_Level_I
2646,Obesity_Type_II
2647,Obesity_Type_II
2648,Insufficient_Weight
2649,Obesity_Type_II
2650,Obesity_Type_II
2651,Obesity_Type_III
2652,Obesity_Type_II
2653,Normal_Weight
2654,Obesity_Type_I
2655,Obesity_Type_II
2656,Overweight_Level_I
2657,Obesity_Type_II
2658,Overweight_Level_I
2659,Obesity_Type_III
2660,Insufficient_Weight
2661,Obesity_Type_I
2662,Obesity_Type_III
2663,Obesity_Type_I
2664,Obesity_Type_II
2665,Obesity_Type_II
2666,Obesity_Type_III
2667,Obesity_Type_III
2668,Obesity_Type_III
2669,Obesity_Type_II
2670,Obesity_Type_III
2671,Normal_Weight
2672,Insufficient_Weight
2673,Obesity_Type_III
2674,Insufficient_Weight
2675,Obesity_Type_II
2676,Obesity_Type_III
2677,Obesity_Type_III
2678,Obesity_Type_III
2679,Insufficient_Weight
2680,Normal_Weight
2681,Obesity_Type_III
2682,Obesity_Type_III
2683,Normal_Weight
2684,Obesity_Type_I
2685,Obesity_Type_III
2686,Normal_Weight
2687,Obesity_Type_II
2688,Obesity_Type_III
2689,Overweight_Level_I
2690,Normal_Weight
2691,Obesity_Type_I
2692,Obesity_Type_I
2693,Obesity_Type_II
2694,Obesity_Type_III
2695,Obesity_Type_II
2696,Overweight_Level_I
2697,Insufficient_Weight
2698,Overweight_Level_I
2699,Normal_Weight
2700,Obesity_Type_II
2701,Obesity_Type_III
2702,Obesity_Type_II
2703,Obesity_Type_II
2704,Obesity_Type_III
2705,Obesity_Type_II
2706,Obesity_Type_II
2707,Normal_Weight
2708,Obesity_Type_III
2709,Obesity_Type_III
2710,Insufficient_Weight
2711,Obesity_Type_II
2712,Normal_Weight
2713,Obesity_Type_II
2714,Obesity_Type_II
2715,Obesity_Type_III
2716,Insufficient_Weight
2717,Obesity_Type_II
2718,Obesity_Type_III
2719,Obesity_Type_II
2720,Overweight_Level_I
2721,Insufficient_Weight
2722,Obesity_Type_III
2723,Obesity_Type_II
2724,Obesity_Type_III
2725,Normal_Weight
2726,Insufficient_Weight
2727,Obesity_Type_III
2728,Overweight_Level_I
2729,Obesity_Type_III
2730,Obesity_Type_III
2731,Obesity_Type_I
2732,Insufficient_Weight
2733,Obesity_Type_II
2734,Obesity_Type_II
2735,Obesity_Type_III
2736,Obesity_Type_III
2737,Obesity_Type_III
2738,Obesity_Type_I
2739,Insufficient_Weight
2740,Obesity_Type_II
2741,Obesity_Type_II
2742,Obesity_Type_II
2743,Obesity_Type_III
2744,Normal_Weight
2745,Normal_Weight
2746,Obesity_Type_I
2747,Obesity_Type_I
2748,Obesity_Type_II
2749,Insufficient_Weight
2750,Overweight_Level_I
2751,Insufficient_Weight
2752,Obesity_Type_III
2753,Obesity_Type_II
2754,Obesity_Type_II
2755,Overweight_Level_I
2756,Overweight_Level_I
2757,Insufficient_Weight
2758,Obesity_Type_III
2759,Normal_Weight
2760,Insufficient_Weight
2761,Obesity_Type_II
2762,Obesity_Type_III
2763,Obesity_Type_II
2764,Obesity_Type_II
2765,Obesity_Type_II
2766,Obesity_Type_II
2767,Obesity_Type_II
2768,Obesity_Type_III
2769,Obesity_Type_III
2770,Obesity_Type_III
2771,Obesity_Type_II
2772,Obesity_Type_II
2773,Obesity_Type_III
2774,Obesity_Type_I
2775,Overweight_Level_I
2776,Overweight_Level_I
2777,Insufficient_Weight
2778,Obesity_Type_II
2779,Overweight_Level_I
2780,Obesity_Type_I
2781,Obesity_Type_III
2782,Obesity_Type_II
2783,Obesity_Type_III
2784,Normal_Weight
2785,Obesity_Type_III
2786,Obesity_Type_II
2787,Obesity_Type_II
2788,Obesity_Type_I
2789,Obesity_Type_I
2790,Normal_Weight
2791,Obesity_Type_II
2792,Normal_Weight
2793,Obesity_Type_III
2794,Obesity_Type_III
2795,Obesity_Type_III
2796,Obesity_Type_III
2797,Obesity_Type_III
2798,Obesity_Type_II
2799,Insufficient_Weight
2800,Insufficient_Weight
2801,Insufficient_Weight
2802,Overweight_Level_I
2803,Obesity_Type_III
2804,Overweight_Level_I
2805,Insufficient_Weight
2806,Obesity_Type_II
2807,Obesity_Type_III
2808,Overweight_Level_I
2809,Obesity_Type_III
2810,Obesity_Type_I
2811,Obesity_Type_III
2812,Obesity_Type_II
2813,Obesity_Type_III
2814,Obesity_Type_III
2815,Obesity_Type_III
2816,Overweight_Level_I
2817,Obesity_Type_III
2818,Obesity_Type_III
2819,Obesity_Type_II
2820,Normal_Weight
2821,Insufficient_Weight
2822,Obesity_Type_II
2823,Insufficient_Weight
2824,Obesity_Type_I
2825,Obesity_Type_III
2826,Obesity_Type_II
2827,Obesity_Type_III
2828,Overweight_Level_I
2829,Insufficient_Weight
2830,Obesity_Type_II
2831,Normal_Weight
2832,Obesity_Type_III
2833,Obesity_Type_II
2834,Obesity_Type_II
2835,Obesity_Type_II
2836,Obesity_Type_III
2837,Insufficient_Weight
2838,Obesity_Type_II
2839,Insufficient_Weight
2840,Overweight_Level_I
2841,Obesity_Type_II
2842,Obesity_Type_I
2843,Normal_Weight
2844,Obesity_Type_III
2845,Obesity_Type_III
2846,Obesity_Type_II
2847,Overweight_Level_I
2848,Obesity_Type_II
2849,Obesity_Type_II
2850,Obesity_Type_III
2851,Insufficient_Weight
2852,Obesity_Type_II
2853,Obesity_Type_III
2854,Overweight_Level_I
2855,Overweight_Level_I
2856,Obesity_Type_I
2857,Normal_Weight
2858,Obesity_Type_III
2859,Obesity_Type_III
2860,Insufficient_Weight
2861,Obesity_Type_III
2862,Overweight_Level_I
2863,Obesity_Type_II
2864,Normal_Weight
2865,Obesity_Type_III
2866,Obesity_Type_III
2867,Obesity_Type_II
2868,Obesity_Type_II
2869,Insufficient_Weight
2870,Obesity_Type_II
2871,Insufficient_Weight
2872,Obesity_Type_III
2873,Obesity_Type_III
2874,Obesity_Type_III
2875,Obesity_Type_III
2876,Overweight_Level_I
2877,Obesity_Type_II
2878,Obesity_Type_I
2879,Obesity_Type_III
2880,Insufficient_Weight
2881,Obesity_Type_III
2882,Obesity_Type_II
2883,Obesity_Type_III
2884,Obesity_Type_III
2885,Insufficient_Weight
2886,Obesity_Type_III
2887,Insufficient_Weight
2888,Insufficient_Weight
2889,Obesity_Type_II
2890,Insufficient_Weight
2891,Insufficient_Weight
2892,Overweight_Level_I
2893,Obesity_Type_III
2894,Overweight_Level_I
2895,Obesity_Type_III
2896,Obesity_Type_II
2897,Obesity_Type_III
2898,Obesity_Type_III
2899,Normal_Weight
2900,Obesity_Type_II
2901,Overweight_Level_I
2902,Insufficient_Weight
2903,Overweight_Level_I
2904,Normal_Weight
2905,Normal_Weight
2906,Insufficient_Weight
2907,Obesity_Type_III
2908,Obesity_Type_II
2909,Obesity_Type_II
2910,Insufficient_Weight
2911,Obesity_Type_II
2912,Insufficient_Weight
2913,Normal_Weight
2914,Obesity_Type_III
2915,Insufficient_Weight
2916,Normal_Weight
2917,Obesity_Type_III
2918,Obesity_Type_II
2919,Obesity_Type_II
2920,Obesity_Type_II
2921,Obesity_Type_II
2922,Insufficient_Weight
2923,Overweight_Level_I
2924,Obesity_Type_III
2925,Obesity_Type_III
2926,Obesity_Type_III
2927,Insufficient_Weight
2928,Overweight_Level_I
2929,Obesity_Type_II
2930,Obesity_Type_II
2931,Normal_Weight
2932,Obesity_Type_III
2933,Obesity_Type_III
2934,Obesity_Type_III
2935,Obesity_Type_III
2936,Obesity_Type_III
2937,Obesity_Type_II
2938,Obesity_Type_I
2939,Obesity_Type_III
2940,Obesity_Type_II
2941,Obesity_Type_III
2942,Overweight_Level_I
2943,Obesity_Type_I
2944,Insufficient_Weight
2945,Obesity_Type_II
2946,Obesity_Type_II
2947,Overweight_Level_I
2948,Normal_Weight
2949,Overweight_Level_I
2950,Obesity_Type_III
2951,Obesity_Type_III
2952,Overweight_Level_I
2953,Obesity_Type_III
2954,Obesity_Type_II
2955,Obesity_Type_II
2956,Obesity_Type_III
2957,Obesity_Type_I
2958,Obesity_Type_III
2959,Overweight_Level_I
2960,Obesity_Type_III
2961,Normal_Weight
2962,Obesity_Type_III
2963,Obesity_Type_III
2964,Obesity_Type_III
2965,Normal_Weight
2966,Obesity_Type_II
2967,Obesity_Type_III
2968,Obesity_Type_II
2969,Obesity_Type_III
2970,Overweight_Level_I
2971,Obesity_Type_III
2972,Insufficient_Weight
2973,Overweight_Level_I
2974,Normal_Weight
2975,Obesity_Type_III
2976,Overweight_Level_I
2977,Obesity_Type_III
2978,Obesity_Type_II
2979,Obesity_Type_II
2980,Obesity_Type_II
2981,Normal_Weight
2982,Obesity_Type_III
2983,Insufficient_Weight
2984,Insufficient_Weight
2985,Obesity_Type_III
2986,Obesity_Type_III
2987,Obesity_Type_III
2988,Obesity_Type_III
2989,Overweight_Level_I
2990,Obesity_Type_III
2991,Overweight_Level_I
2992,Overweight_Level_I
2993,Obesity_Type_II
2994,Obesity_Type_I
2995,Obesity_Type_III
2996,Obesity_Type_III
2997,Obesity_Type_II
2998,Obesity_Type_III
2999,Obesity_Type_III
3000,Overweight_Level_I
3001,Obesity_Type_III
3002,Obesity_Type_II
3003,Obesity_Type_III
3004,Overweight_Level_I
3005,Overweight_Level_I
3006,Obesity_Type_II
3007,Obesity_Type_II
3008,Obesity_Type_II
3009,Obesity_Type_II
3010,Obesity_Type_II
3011,Obesity_Type_II
3012,Obesity_Type_III
3013,Obesity_Type_III
3014,Obesity_Type_III
3015,Obesity_Type_II
3016,Obesity_Type_III
3017,Obesity_Type_III
3018,Normal_Weight
3019,Obesity_Type_III
3020,Obesity_Type_II
3021,Obesity_Type_II
3022,Obesity_Type_III
3023,Normal_Weight
3024,Obesity_Type_III
3025,Obesity_Type_II
3026,Obesity_Type_II
3027,Overweight_Level_I
3028,Obesity_Type_III
3029,Insufficient_Weight
3030,Obesity_Type_II
3031,Obesity_Type_II
3032,Insufficient_Weight
3033,Obesity_Type_II
3034,Obesity_Type_III
3035,Insufficient_Weight
3036,Insufficient_Weight
3037,Insufficient_Weight
3038,Obesity_Type_III
3039,Normal_Weight
3040,Obesity_Type_II
3041,Obesity_Type_II
3042,Obesity_Type_II
3043,Normal_Weight
3044,Insufficient_Weight
3045,Normal_Weight
3046,Overweight_Level_I
3047,Obesity_Type_II
3048,Obesity_Type_II
3049,Obesity_Type_III
3050,Insufficient_Weight
3051,Obesity_Type_III
3052,Overweight_Level_I
3053,Obesity_Type_II
3054,Obesity_Type_III
3055,Normal_Weight
3056,Obesity_Type_II
3057,Obesity_Type_II
3058,Insufficient_Weight
3059,Insufficient_Weight
3060,Obesity_Type_III
3061,Normal_Weight
3062,Obesity_Type_II
3063,Overweight_Level_I
3064,Normal_Weight
3065,Obesity_Type_III
3066,Normal_Weight
3067,Insufficient_Weight
3068,Insufficient_Weight
3069,Overweight_Level_I
3070,Overweight_Level_I
3071,Obesity_Type_II
3072,Obesity_Type_II
3073,Obesity_Type_II
3074,Obesity_Type_II
3075,Obesity_Type_II
3076,Normal_Weight
3077,Obesity_Type_II
3078,Obesity_Type_III
3079,Obesity_Type_I
3080,Obesity_Type_I
3081,Obesity_Type_III
3082,Normal_Weight
3083,Obesity_Type_II
3084,Obesity_Type_III
3085,Overweight_Level_I
3086,Obesity_Type_I
3087,Obesity_Type_III
3088,Overweight_Level_I
3089,Obesity_Type_III
3090,Obesity_Type_II
3091,Obesity_Type_II
3092,Obesity_Type_II
3093,Normal_Weight
3094,Normal_Weight
3095,Obesity_Type_II
3096,Obesity_Type_II
3097,Obesity_Type_III
3098,Obesity_Type_III
3099,Obesity_Type_II
3100,Obesity_Type_II
3101,Obesity_Type_II
3102,Insufficient_Weight
3103,Obesity_Type_I
3104,Obesity_Type_I
3105,Normal_Weight
3106,Normal_Weight
3107,Normal_Weight
3108,Overweight_Level_I
3109,Obesity_Type_II
3110,Obesity_Type_III
3111,Obesity_Type_II
3112,Overweight_Level_I
3113,Obesity_Type_II
3114,Obesity_Type_II
3115,Obesity_Type_II
3116,Obesity_Type_III
3117,Normal_Weight
3118,Normal_Weight
3119,Obesity_Type_II
3120,Normal_Weight
3121,Overweight_Level_I
3122,Obesity_Type_III
3123,Overweight_Level_I
3124,Obesity_Type_II
3125,Obesity_Type_II
3126,Obesity_Type_II
3127,Obesity_Type_III
3128,Obesity_Type_III
3129,Obesity_Type_II
3130,Obesity_Type_III
3131,Obesity_Type_I
3132,Insufficient_Weight
3133,Obesity_Type_III
3134,Insufficient_Weight
3135,Obesity_Type_II
3136,Overweight_Level_I
3137,Obesity_Type_III
3138,Obesity_Type_II
3139,Obesity_Type_II
3140,Obesity_Type_I
3141,Overweight_Level_I
3142,Obesity_Type_III
3143,Obesity_Type_I
3144,Obesity_Type_III
3145,Obesity_Type_III
3146,Obesity_Type_II
3147,Overweight_Level_II
3148,Obesity_Type_II
3149,Obesity_Type_I
3150,Obesity_Type_III
3151,Obesity_Type_I
3152,Normal_Weight
3153,Obesity_Type_II
3154,Obesity_Type_III
3155,Obesity_Type_II
3156,Overweight_Level_I
3157,Obesity_Type_III
3158,Obesity_Type_II
3159,Obesity_Type_II
3160,Obesity_Type_II
3161,Obesity_Type_I
3162,Insufficient_Weight
3163,Obesity_Type_II
3164,Normal_Weight
3165,Normal_Weight
3166,Obesity_Type_III
3167,Obesity_Type_III
3168,Obesity_Type_II
3169,Normal_Weight
3170,Normal_Weight
3171,Normal_Weight
3172,Obesity_Type_III
3173,Obesity_Type_III
3174,Obesity_Type_II
3175,Obesity_Type_II
3176,Obesity_Type_II
3177,Obesity_Type_II
3178,Overweight_Level_I
3179,Overweight_Level_I
3180,Obesity_Type_II
3181,Obesity_Type_II
3182,Overweight_Level_I
3183,Obesity_Type_III
3184,Obesity_Type_II
3185,Obesity_Type_III
3186,Obesity_Type_II
3187,Insufficient_Weight
3188,Obesity_Type_I
3189,Obesity_Type_III
3190,Obesity_Type_III
3191,Insufficient_Weight
3192,Obesity_Type_II
3193,Obesity_Type_II
3194,Obesity_Type_III
3195,Obesity_Type_II
3196,Obesity_Type_III
3197,Obesity_Type_II
3198,Obesity_Type_III
3199,Insufficient_Weight
3200,Insufficient_Weight
3201,Obesity_Type_I
3202,Obesity_Type_I
3203,Obesity_Type_II
3204,Obesity_Type_III
3205,Insufficient_Weight
3206,Obesity_Type_II
3207,Obesity_Type_II
3208,Normal_Weight
3209,Obesity_Type_II
3210,Obesity_Type_II
3211,Obesity_Type_III
3212,Overweight_Level_I
3213,Overweight_Level_I
3214,Obesity_Type_III
3215,Insufficient_Weight
3216,Normal_Weight
3217,Obesity_Type_III
3218,Obesity_Type_III
3219,Obesity_Type_II
3220,Obesity_Type_I
3221,Obesity_Type_II
3222,Obesity_Type_I
3223,Obesity_Type_III
3224,Obesity_Type_II
3225,Obesity_Type_III
3226,Obesity_Type_III
3227,Normal_Weight
3228,Obesity_Type_II
3229,Obesity_Type_II
3230,Overweight_Level_I
3231,Overweight_Level_I
3232,Overweight_Level_I
3233,Obesity_Type_II
3234,Obesity_Type_II
3235,Overweight_Level_I
3236,Insufficient_Weight
3237,Normal_Weight
3238,Obesity_Type_II
3239,Obesity_Type_III
3240,Obesity_Type_II
3241,Obesity_Type_II
3242,Obesity_Type_II
3243,Obesity_Type_III
3244,Normal_Weight
3245,Insufficient_Weight
3246,Obesity_Type_II
3247,Obesity_Type_II
3248,Obesity_Type_I
3249,Insufficient_Weight
3250,Overweight_Level_I
3251,Insufficient_Weight
3252,Obesity_Type_III
3253,Obesity_Type_II
3254,Obesity_Type_III
3255,Obesity_Type_III
3256,Obesity_Type_II
3257,Obesity_Type_III
3258,Obesity_Type_III
3259,Insufficient_Weight
3260,Obesity_Type_III
3261,Obesity_Type_II
3262,Obesity_Type_II
3263,Overweight_Level_I
3264,Overweight_Level_I
3265,Overweight_Level_I
3266,Obesity_Type_I
3267,Obesity_Type_III
3268,Obesity_Type_III
3269,Obesity_Type_III
3270,Insufficient_Weight
3271,Obesity_Type_III
3272,Obesity_Type_II
3273,Obesity_Type_III
3274,Obesity_Type_II
3275,Obesity_Type_III
3276,Insufficient_Weight
3277,Normal_Weight
3278,Obesity_Type_II
3279,Obesity_Type_II
3280,Obesity_Type_I
3281,Overweight_Level_I
3282,Obesity_Type_II
3283,Obesity_Type_II
3284,Insufficient_Weight
3285,Obesity_Type_II
3286,Obesity_Type_II
3287,Obesity_Type_III
3288,Obesity_Type_II
3289,Overweight_Level_I
3290,Normal_Weight
3291,Obesity_Type_II
3292,Overweight_Level_I
3293,Overweight_Level_I
3294,Normal_Weight
3295,Insufficient_Weight
3296,Obesity_Type_II
3297,Obesity_Type_II
3298,Obesity_Type_II
3299,Obesity_Type_II
3300,Insufficient_Weight
3301,Obesity_Type_II
3302,Overweight_Level_I
3303,Obesity_Type_III
3304,Obesity_Type_II
3305,Obesity_Type_III
3306,Obesity_Type_III
3307,Insufficient_Weight
3308,Obesity_Type_I
3309,Normal_Weight
3310,Obesity_Type_III
3311,Obesity_Type_III
3312,Normal_Weight
3313,Obesity_Type_II
3314,Overweight_Level_I
3315,Insufficient_Weight
3316,Obesity_Type_II
3317,Obesity_Type_I
3318,Insufficient_Weight
3319,Obesity_Type_II
3320,Obesity_Type_II
3321,Obesity_Type_III
3322,Insufficient_Weight
3323,Overweight_Level_I
3324,Obesity_Type_III
3325,Overweight_Level_I
3326,Overweight_Level_I
3327,Obesity_Type_I
3328,Obesity_Type_III
3329,Normal_Weight
3330,Obesity_Type_II
3331,Overweight_Level_I
3332,Overweight_Level_I
3333,Obesity_Type_II
3334,Obesity_Type_II
3335,Obesity_Type_III
3336,Obesity_Type_III
3337,Obesity_Type_III
3338,Insufficient_Weight
3339,Insufficient_Weight
3340,Obesity_Type_I
3341,Obesity_Type_I
3342,Obesity_Type_II
3343,Obesity_Type_II
3344,Obesity_Type_II
3345,Obesity_Type_III
3346,Obesity_Type_II
3347,Obesity_Type_II
3348,Insufficient_Weight
3349,Obesity_Type_III
3350,Obesity_Type_II
3351,Obesity_Type_II
3352,Normal_Weight
3353,Obesity_Type_II
3354,Obesity_Type_II
3355,Normal_Weight
3356,Normal_Weight
3357,Obesity_Type_II
3358,Obesity_Type_II
3359,Obesity_Type_III
3360,Obesity_Type_III
3361,Overweight_Level_I
3362,Obesity_Type_I
3363,Obesity_Type_II
3364,Overweight_Level_I
3365,Obesity_Type_III
3366,Overweight_Level_I
3367,Insufficient_Weight
3368,Obesity_Type_I
3369,Obesity_Type_III
3370,Obesity_Type_II
3371,Obesity_Type_II
3372,Obesity_Type_III
3373,Overweight_Level_I
3374,Obesity_Type_III
3375,Obesity_Type_III
3376,Obesity_Type_II
3377,Obesity_Type_I
3378,Normal_Weight
3379,Obesity_Type_I
3380,Obesity_Type_II
3381,Obesity_Type_III
3382,Overweight_Level_I
3383,Insufficient_Weight
3384,Normal_Weight
3385,Obesity_Type_II
3386,Insufficient_Weight
3387,Obesity_Type_II
3388,Obesity_Type_II
3389,Obesity_Type_III
3390,Obesity_Type_II
3391,Obesity_Type_I
3392,Obesity_Type_III
3393,Insufficient_Weight
3394,Obesity_Type_III
3395,Normal_Weight
3396,Insufficient_Weight
3397,Obesity_Type_I
3398,Obesity_Type_II
3399,Obesity_Type_II
3400,Overweight_Level_I
3401,Obesity_Type_II
3402,Obesity_Type_III
3403,Overweight_Level_I
3404,Overweight_Level_I
3405,Overweight_Level_I
3406,Obesity_Type_I
3407,Obesity_Type_II
3408,Normal_Weight
3409,Obesity_Type_III
3410,Obesity_Type_II
3411,Normal_Weight
3412,Insufficient_Weight
3413,Insufficient_Weight
3414,Obesity_Type_II
3415,Obesity_Type_III
3416,Obesity_Type_III
3417,Obesity_Type_III
3418,Obesity_Type_II
3419,Obesity_Type_I
3420,Obesity_Type_III
3421,Obesity_Type_III
3422,Obesity_Type_II
3423,Obesity_Type_II
3424,Obesity_Type_III
3425,Overweight_Level_I
3426,Normal_Weight
3427,Obesity_Type_II
3428,Obesity_Type_II
3429,Overweight_Level_I
3430,Overweight_Level_I
3431,Obesity_Type_II
3432,Obesity_Type_II
3433,Obesity_Type_III
3434,Obesity_Type_III
3435,Overweight_Level_I
3436,Insufficient_Weight
3437,Overweight_Level_I
3438,Obesity_Type_III
3439,Insufficient_Weight
3440,Obesity_Type_II
3441,Normal_Weight
3442,Obesity_Type_II
3443,Obesity_Type_III
3444,Overweight_Level_I
3445,Obesity_Type_II
3446,Overweight_Level_I
3447,Obesity_Type_II
3448,Obesity_Type_III
3449,Obesity_Type_II
3450,Overweight_Level_I
3451,Obesity_Type_II
3452,Normal_Weight
3453,Obesity_Type_II
3454,Obesity_Type_III
3455,Obesity_Type_III
3456,Obesity_Type_II
3457,Obesity_Type_III
3458,Obesity_Type_III
3459,Overweight_Level_I
3460,Overweight_Level_I
3461,Obesity_Type_II
3462,Obesity_Type_III
3463,Normal_Weight
3464,Overweight_Level_I
3465,Obesity_Type_II
3466,Obesity_Type_II
3467,Obesity_Type_III
3468,Obesity_Type_III
3469,Obesity_Type_II
3470,Overweight_Level_I
3471,Obesity_Type_III
3472,Obesity_Type_I
3473,Obesity_Type_II
3474,Obesity_Type_III
3475,Obesity_Type_I
3476,Obesity_Type_II
3477,Obesity_Type_II
3478,Obesity_Type_II
3479,Obesity_Type_II
3480,Obesity_Type_III
3481,Obesity_Type_III
3482,Obesity_Type_II
3483,Obesity_Type_II
3484,Insufficient_Weight
3485,Obesity_Type_I
3486,Obesity_Type_III
3487,Obesity_Type_II
3488,Obesity_Type_II
3489,Insufficient_Weight
3490,Obesity_Type_II
3491,Obesity_Type_II
3492,Obesity_Type_II
3493,Obesity_Type_III
3494,Overweight_Level_I
3495,Normal_Weight
3496,Obesity_Type_II
3497,Obesity_Type_III
3498,Obesity_Type_II
3499,Obesity_Type_III
3500,Insufficient_Weight
3501,Overweight_Level_II
3502,Obesity_Type_II
3503,Insufficient_Weight
3504,Obesity_Type_III
3505,Insufficient_Weight
3506,Overweight_Level_I
3507,Obesity_Type_III
3508,Obesity_Type_I
3509,Obesity_Type_III
3510,Obesity_Type_I
3511,Insufficient_Weight
3512,Obesity_Type_III
3513,Obesity_Type_II
3514,Obesity_Type_I
3515,Obesity_Type_III
3516,Obesity_Type_II
3517,Obesity_Type_III
3518,Insufficient_Weight
3519,Obesity_Type_III
3520,Obesity_Type_III
3521,Obesity_Type_II
3522,Overweight_Level_I
3523,Obesity_Type_II
3524,Insufficient_Weight
3525,Insufficient_Weight
3526,Obesity_Type_III
3527,Overweight_Level_I
3528,Normal_Weight
3529,Obesity_Type_II
3530,Obesity_Type_II
3531,Normal_Weight
3532,Obesity_Type_II
3533,Obesity_Type_III
3534,Obesity_Type_II
3535,Obesity_Type_II
3536,Normal_Weight
3537,Obesity_Type_III
3538,Obesity_Type_III
3539,Normal_Weight
3540,Obesity_Type_III
3541,Obesity_Type_III
3542,Obesity_Type_I
3543,Obesity_Type_III
3544,Obesity_Type_III
3545,Obesity_Type_III
3546,Normal_Weight
3547,Obesity_Type_III
3548,Obesity_Type_III
3549,Obesity_Type_II
3550,Obesity_Type_II
3551,Overweight_Level_I
3552,Obesity_Type_I
3553,Obesity_Type_II
3554,Obesity_Type_III
3555,Insufficient_Weight
3556,Obesity_Type_II
3557,Overweight_Level_I
3558,Normal_Weight
3559,Obesity_Type_II
3560,Overweight_Level_I
3561,Obesity_Type_II
3562,Obesity_Type_I
3563,Obesity_Type_II
3564,Overweight_Level_I
3565,Insufficient_Weight
3566,Obesity_Type_II
3567,Obesity_Type_II
3568,Obesity_Type_III
3569,Insufficient_Weight
3570,Obesity_Type_I
3571,Obesity_Type_II
3572,Insufficient_Weight
3573,Obesity_Type_III
3574,Obesity_Type_III
3575,Obesity_Type_III
3576,Obesity_Type_II
3577,Obesity_Type_I
3578,Normal_Weight
3579,Obesity_Type_III
3580,Obesity_Type_II
3581,Obesity_Type_II
3582,Obesity_Type_III
3583,Obesity_Type_I
3584,Obesity_Type_III
3585,Obesity_Type_III
3586,Obesity_Type_II
3587,Obesity_Type_II
3588,Obesity_Type_II
3589,Overweight_Level_I
3590,Overweight_Level_I
3591,Obesity_Type_III
3592,Obesity_Type_II
3593,Overweight_Level_I
3594,Obesity_Type_III
3595,Obesity_Type_II
3596,Obesity_Type_III
3597,Normal_Weight
3598,Obesity_Type_I
3599,Obesity_Type_II
3600,Insufficient_Weight
3601,Obesity_Type_III
3602,Obesity_Type_III
3603,Overweight_Level_I
3604,Obesity_Type_III
3605,Obesity_Type_II
3606,Obesity_Type_I
3607,Obesity_Type_II
3608,Normal_Weight
3609,Obesity_Type_II
3610,Obesity_Type_III
3611,Obesity_Type_III
3612,Overweight_Level_I
3613,Insufficient_Weight
3614,Obesity_Type_III
3615,Obesity_Type_II
3616,Obesity_Type_III
3617,Normal_Weight
3618,Obesity_Type_II
3619,Obesity_Type_III
3620,Obesity_Type_II
3621,Obesity_Type_III
3622,Obesity_Type_II
3623,Obesity_Type_II
3624,Obesity_Type_II
3625,Normal_Weight
3626,Obesity_Type_II
3627,Obesity_Type_II
3628,Insufficient_Weight
3629,Obesity_Type_II
3630,Obesity_Type_II
3631,Obesity_Type_II
3632,Overweight_Level_I
3633,Obesity_Type_II
3634,Obesity_Type_II
3635,Normal_Weight
3636,Obesity_Type_III
3637,Overweight_Level_I
3638,Obesity_Type_II
3639,Obesity_Type_II
3640,Obesity_Type_II
3641,Normal_Weight
3642,Normal_Weight
3643,Overweight_Level_I
3644,Overweight_Level_I
3645,Normal_Weight
3646,Obesity_Type_I
3647,Normal_Weight
3648,Obesity_Type_III
3649,Obesity_Type_II
3650,Obesity_Type_I
3651,Obesity_Type_II
3652,Obesity_Type_II
3653,Obesity_Type_II
3654,Overweight_Level_I
3655,Obesity_Type_II
3656,Overweight_Level_I
3657,Obesity_Type_III
3658,Obesity_Type_III
3659,Obesity_Type_III
3660,Obesity_Type_III
3661,Obesity_Type_III
3662,Obesity_Type_II
3663,Normal_Weight
3664,Normal_Weight
3665,Obesity_Type_II
3666,Normal_Weight
3667,Obesity_Type_II
3668,Obesity_Type_II
3669,Obesity_Type_II
3670,Obesity_Type_II
3671,Insufficient_Weight
3672,Obesity_Type_II
3673,Obesity_Type_III
3674,Obesity_Type_III
3675,Obesity_Type_II
3676,Obesity_Type_II
3677,Normal_Weight
3678,Obesity_Type_II
3679,Overweight_Level_I
3680,Insufficient_Weight
3681,Obesity_Type_II
3682,Obesity_Type_I
3683,Overweight_Level_I
3684,Obesity_Type_II
3685,Obesity_Type_III
3686,Obesity_Type_III
3687,Obesity_Type_I
3688,Normal_Weight
3689,Obesity_Type_III
3690,Normal_Weight
3691,Obesity_Type_II
3692,Obesity_Type_II
3693,Obesity_Type_II
3694,Obesity_Type_III
3695,Obesity_Type_II
3696,Insufficient_Weight
3697,Overweight_Level_I
3698,Insufficient_Weight
3699,Normal_Weight
3700,Normal_Weight
3701,Obesity_Type_II
3702,Insufficient_Weight
3703,Obesity_Type_II
3704,Obesity_Type_II
3705,Overweight_Level_I
3706,Obesity_Type_III
3707,Obesity_Type_III
3708,Normal_Weight
3709,Obesity_Type_III
3710,Overweight_Level_I
3711,Obesity_Type_II
3712,Insufficient_Weight
3713,Obesity_Type_III
3714,Obesity_Type_II
3715,Obesity_Type_III
3716,Obesity_Type_I
3717,Obesity_Type_III
3718,Obesity_Type_II
3719,Overweight_Level_I
3720,Obesity_Type_III
3721,Obesity_Type_II
3722,Obesity_Type_II
3723,Overweight_Level_I
3724,Obesity_Type_III
3725,Obesity_Type_II
3726,Normal_Weight
3727,Obesity_Type_I
3728,Overweight_Level_I
3729,Normal_Weight
3730,Normal_Weight
3731,Obesity_Type_III
3732,Obesity_Type_II
3733,Obesity_Type_II
3734,Insufficient_Weight
3735,Obesity_Type_III
3736,Obesity_Type_III
3737,Obesity_Type_II
3738,Obesity_Type_III
3739,Normal_Weight
3740,Obesity_Type_III
3741,Obesity_Type_III
3742,Obesity_Type_III
3743,Obesity_Type_III
3744,Normal_Weight
3745,Obesity_Type_III
3746,Obesity_Type_II
3747,Obesity_Type_II
3748,Overweight_Level_I
3749,Normal_Weight
3750,Overweight_Level_I
3751,Obesity_Type_III
3752,Obesity_Type_II
3753,Obesity_Type_I
3754,Obesity_Type_III
3755,Normal_Weight
3756,Overweight_Level_I
3757,Overweight_Level_I
3758,Obesity_Type_III
3759,Obesity_Type_I
3760,Normal_Weight
3761,Insufficient_Weight
3762,Insufficient_Weight
3763,Overweight_Level_I
3764,Obesity_Type_III
3765,Obesity_Type_III
3766,Obesity_Type_II
3767,Obesity_Type_III
3768,Overweight_Level_I
3769,Insufficient_Weight
3770,Obesity_Type_II
3771,Obesity_Type_II
3772,Obesity_Type_II
3773,Obesity_Type_II
3774,Obesity_Type_II
3775,Obesity_Type_III
3776,Obesity_Type_II
3777,Obesity_Type_II
3778,Obesity_Type_II
3779,Insufficient_Weight
3780,Obesity_Type_II
3781,Normal_Weight
3782,Obesity_Type_II
3783,Overweight_Level_I
3784,Obesity_Type_III
3785,Obesity_Type_III
3786,Obesity_Type_I
3787,Obesity_Type_III
3788,Obesity_Type_II
3789,Obesity_Type_III
3790,Obesity_Type_II
3791,Obesity_Type_III
3792,Insufficient_Weight
3793,Overweight_Level_I
3794,Overweight_Level_I
3795,Obesity_Type_II
3796,Obesity_Type_III
3797,Obesity_Type_III
3798,Obesity_Type_III
3799,Overweight_Level_I
3800,Overweight_Level_I
3801,Obesity_Type_III
3802,Insufficient_Weight
3803,Obesity_Type_II
3804,Obesity_Type_II
3805,Obesity_Type_III
3806,Obesity_Type_II
3807,Obesity_Type_II
3808,Obesity_Type_II
3809,Overweight_Level_I
3810,Obesity_Type_II
3811,Overweight_Level_I
3812,Obesity_Type_III
3813,Obesity_Type_II
3814,Obesity_Type_II
3815,Obesity_Type_II
3816,Overweight_Level_I
3817,Obesity_Type_III
3818,Overweight_Level_I
3819,Obesity_Type_II
3820,Obesity_Type_III
3821,Insufficient_Weight
3822,Obesity_Type_II
3823,Insufficient_Weight
3824,Obesity_Type_III
3825,Insufficient_Weight
3826,Obesity_Type_III
3827,Obesity_Type_II
3828,Obesity_Type_II
3829,Obesity_Type_I
3830,Overweight_Level_I
3831,Obesity_Type_III
3832,Overweight_Level_I
3833,Obesity_Type_III
3834,Obesity_Type_III
3835,Obesity_Type_III
3836,Insufficient_Weight
3837,Obesity_Type_II
3838,Obesity_Type_II
3839,Obesity_Type_III
3840,Obesity_Type_I
3841,Obesity_Type_III
3842,Normal_Weight
3843,Obesity_Type_III
3844,Obesity_Type_III
3845,Insufficient_Weight
3846,Obesity_Type_III
3847,Obesity_Type_III
3848,Obesity_Type_III
3849,Obesity_Type_II
3850,Overweight_Level_I
3851,Obesity_Type_II
3852,Obesity_Type_II
3853,Obesity_Type_II
3854,Obesity_Type_III
3855,Obesity_Type_III
3856,Normal_Weight
3857,Obesity_Type_III
3858,Insufficient_Weight
3859,Obesity_Type_II
3860,Obesity_Type_II
3861,Normal_Weight
3862,Obesity_Type_II
3863,Obesity_Type_III
3864,Normal_Weight
3865,Obesity_Type_III
3866,Obesity_Type_III
3867,Obesity_Type_II
3868,Obesity_Type_II
3869,Obesity_Type_I
3870,Obesity_Type_I
3871,Obesity_Type_II
3872,Obesity_Type_III
3873,Overweight_Level_I
3874,Insufficient_Weight
3875,Overweight_Level_I
3876,Obesity_Type_I
3877,Obesity_Type_II
3878,Obesity_Type_III
3879,Obesity_Type_II
3880,Obesity_Type_III
3881,Obesity_Type_III
3882,Insufficient_Weight
3883,Obesity_Type_II
3884,Obesity_Type_III
3885,Obesity_Type_II
3886,Obesity_Type_II
3887,Obesity_Type_II
3888,Obesity_Type_III
3889,Obesity_Type_I
3890,Insufficient_Weight
3891,Obesity_Type_III
3892,Obesity_Type_II
3893,Obesity_Type_III
3894,Overweight_Level_I
3895,Insufficient_Weight
3896,Overweight_Level_II
3897,Normal_Weight
3898,Obesity_Type_II
3899,Overweight_Level_I
3900,Normal_Weight
3901,Obesity_Type_III
3902,Obesity_Type_III
3903,Obesity_Type_II
3904,Obesity_Type_III
3905,Overweight_Level_I
3906,Normal_Weight
3907,Insufficient_Weight
3908,Obesity_Type_III
3909,Obesity_Type_I
3910,Obesity_Type_I
3911,Obesity_Type_III
3912,Overweight_Level_I
3913,Overweight_Level_I
3914,Obesity_Type_II
3915,Obesity_Type_III
3916,Insufficient_Weight
3917,Obesity_Type_III
3918,Obesity_Type_III
3919,Overweight_Level_I
3920,Obesity_Type_II
3921,Obesity_Type_III
3922,Obesity_Type_II
3923,Overweight_Level_I
3924,Insufficient_Weight
3925,Obesity_Type_II
3926,Obesity_Type_III
3927,Obesity_Type_I
3928,Obesity_Type_II
3929,Obesity_Type_III
3930,Insufficient_Weight
3931,Insufficient_Weight
3932,Obesity_Type_II
3933,Obesity_Type_I
3934,Obesity_Type_II
3935,Obesity_Type_II
3936,Obesity_Type_III
3937,Obesity_Type_II
3938,Obesity_Type_II
3939,Overweight_Level_I
3940,Obesity_Type_II
3941,Obesity_Type_II
3942,Obesity_Type_III
3943,Obesity_Type_III
3944,Obesity_Type_II
3945,Obesity_Type_II
3946,Normal_Weight
3947,Obesity_Type_III
3948,Overweight_Level_I
3949,Overweight_Level_I
3950,Insufficient_Weight
3951,Overweight_Level_I
3952,Insufficient_Weight
3953,Obesity_Type_II
3954,Obesity_Type_III
3955,Obesity_Type_II
3956,Normal_Weight
3957,Obesity_Type_II
3958,Normal_Weight
3959,Obesity_Type_III
3960,Obesity_Type_III
3961,Obesity_Type_III
3962,Obesity_Type_II
3963,Obesity_Type_II
3964,Insufficient_Weight
3965,Normal_Weight
3966,Normal_Weight
3967,Overweight_Level_I
3968,Obesity_Type_II
3969,Obesity_Type_III
3970,Obesity_Type_II
3971,Obesity_Type_III
3972,Obesity_Type_II
3973,Normal_Weight
3974,Obesity_Type_II
3975,Insufficient_Weight
3976,Overweight_Level_I
3977,Obesity_Type_III
3978,Obesity_Type_II
3979,Obesity_Type_II
3980,Obesity_Type_II
3981,Obesity_Type_II
3982,Obesity_Type_II
3983,Normal_Weight
3984,Obesity_Type_III
3985,Obesity_Type_II
3986,Obesity_Type_II
3987,Obesity_Type_II
3988,Overweight_Level_I
3989,Obesity_Type_II
3990,Obesity_Type_II
3991,Obesity_Type_II
3992,Obesity_Type_II
3993,Obesity_Type_II
3994,Obesity_Type_III
3995,Obesity_Type_III
3996,Obesity_Type_II
3997,Insufficient_Weight
3998,Obesity_Type_III
3999,Overweight_Level_I
4000,Obesity_Type_III
4001,Obesity_Type_II
4002,Obesity_Type_II
4003,Obesity_Type_I
4004,Obesity_Type_II
4005,Normal_Weight
4006,Insufficient_Weight
4007,Normal_Weight
4008,Insufficient_Weight
4009,Obesity_Type_III
4010,Obesity_Type_I
4011,Obesity_Type_III
4012,Overweight_Level_I
4013,Overweight_Level_I
4014,Obesity_Type_III
4015,Insufficient_Weight
4016,Obesity_Type_II
4017,Obesity_Type_III
4018,Obesity_Type_III
4019,Obesity_Type_II
4020,Obesity_Type_III
4021,Obesity_Type_II
4022,Obesity_Type_II
4023,Normal_Weight
4024,Insufficient_Weight
4025,Obesity_Type_III
4026,Normal_Weight
4027,Overweight_Level_I
4028,Obesity_Type_II
4029,Obesity_Type_III
4030,Insufficient_Weight
4031,Obesity_Type_II
4032,Normal_Weight
4033,Obesity_Type_II
4034,Overweight_Level_I
4035,Obesity_Type_III
4036,Obesity_Type_II
4037,Obesity_Type_II
4038,Obesity_Type_I
4039,Overweight_Level_I
4040,Obesity_Type_III
4041,Obesity_Type_II
4042,Obesity_Type_II
4043,Insufficient_Weight
4044,Insufficient_Weight
4045,Obesity_Type_III
4046,Obesity_Type_II
4047,Insufficient_Weight
4048,Obesity_Type_III
4049,Obesity_Type_I
4050,Overweight_Level_I
4051,Obesity_Type_II
4052,Obesity_Type_III
4053,Obesity_Type_II
4054,Normal_Weight
4055,Overweight_Level_I
4056,Insufficient_Weight
4057,Obesity_Type_II
4058,Obesity_Type_III
4059,Overweight_Level_I
4060,Obesity_Type_II
4061,Obesity_Type_II
4062,Obesity_Type_I
4063,Obesity_Type_II
4064,Obesity_Type_II
4065,Obesity_Type_II
4066,Obesity_Type_I
4067,Obesity_Type_III
4068,Obesity_Type_III
4069,Obesity_Type_II
4070,Insufficient_Weight
4071,Obesity_Type_III
4072,Overweight_Level_I
4073,Obesity_Type_II
4074,Obesity_Type_III
4075,Obesity_Type_II
4076,Overweight_Level_I
4077,Obesity_Type_II
4078,Obesity_Type_II
4079,Obesity_Type_II
4080,Overweight_Level_I
4081,Overweight_Level_I
4082,Obesity_Type_II
4083,Obesity_Type_III
4084,Overweight_Level_I
4085,Obesity_Type_II
4086,Obesity_Type_I
4087,Obesity_Type_I
4088,Overweight_Level_I
4089,Obesity_Type_II
4090,Overweight_Level_I
4091,Obesity_Type_III
4092,Overweight_Level_I
4093,Obesity_Type_II
4094,Obesity_Type_II
4095,Obesity_Type_II
4096,Obesity_Type_III
4097,Obesity_Type_II
4098,Obesity_Type_II
4099,Obesity_Type_II
4100,Obesity_Type_II
4101,Obesity_Type_II
4102,Obesity_Type_III
4103,Normal_Weight
4104,Obesity_Type_III
4105,Obesity_Type_III
4106,Obesity_Type_III
4107,Overweight_Level_I
4108,Obesity_Type_III
4109,Obesity_Type_III
4110,Normal_Weight
4111,Obesity_Type_III
4112,Obesity_Type_II
4113,Obesity_Type_II
4114,Obesity_Type_II
4115,Insufficient_Weight
4116,Insufficient_Weight
4117,Normal_Weight
4118,Obesity_Type_I
4119,Obesity_Type_II
4120,Insufficient_Weight
4121,Insufficient_Weight
4122,Obesity_Type_II
4123,Obesity_Type_II
4124,Obesity_Type_III
4125,Obesity_Type_II
4126,Obesity_Type_I
4127,Obesity_Type_I
4128,Obesity_Type_II
4129,Obesity_Type_III
4130,Obesity_Type_II
4131,Obesity_Type_I
4132,Insufficient_Weight
4133,Obesity_Type_II
4134,Obesity_Type_III
4135,Obesity_Type_II
4136,Obesity_Type_III
4137,Insufficient_Weight
4138,Overweight_Level_I
4139,Obesity_Type_III
4140,Obesity_Type_III
4141,Obesity_Type_II
4142,Obesity_Type_II
4143,Obesity_Type_I
4144,Insufficient_Weight
4145,Obesity_Type_II
4146,Obesity_Type_II
4147,Obesity_Type_II
4148,Obesity_Type_II
4149,Normal_Weight
4150,Normal_Weight
4151,Obesity_Type_II
4152,Normal_Weight
4153,Obesity_Type_II
4154,Obesity_Type_III
4155,Overweight_Level_I
4156,Normal_Weight
4157,Obesity_Type_III
4158,Obesity_Type_II
4159,Insufficient_Weight
4160,Obesity_Type_II
4161,Overweight_Level_I
4162,Insufficient_Weight
4163,Overweight_Level_I
4164,Insufficient_Weight
4165,Obesity_Type_II
4166,Obesity_Type_II
4167,Obesity_Type_II
4168,Obesity_Type_II
4169,Overweight_Level_I
4170,Obesity_Type_II
4171,Obesity_Type_III
4172,Overweight_Level_I
4173,Obesity_Type_III
4174,Overweight_Level_I
4175,Obesity_Type_II
4176,Obesity_Type_III
4177,Overweight_Level_I
4178,Obesity_Type_II
4179,Overweight_Level_I
4180,Obesity_Type_I
4181,Obesity_Type_II
4182,Overweight_Level_I
4183,Obesity_Type_II
4184,Normal_Weight
4185,Obesity_Type_I
4186,Normal_Weight
4187,Normal_Weight
4188,Obesity_Type_II
4189,Obesity_Type_III
4190,Obesity_Type_II
4191,Overweight_Level_I
4192,Obesity_Type_II
4193,Obesity_Type_II
4194,Insufficient_Weight
4195,Obesity_Type_II
4196,Obesity_Type_II
4197,Overweight_Level_I
4198,Overweight_Level_I
4199,Obesity_Type_II
4200,Overweight_Level_I
4201,Insufficient_Weight
4202,Insufficient_Weight
4203,Obesity_Type_II
4204,Obesity_Type_II
4205,Obesity_Type_I
4206,Obesity_Type_II
4207,Obesity_Type_II
4208,Obesity_Type_II
4209,Normal_Weight
4210,Normal_Weight
4211,Overweight_Level_I
4212,Obesity_Type_III
4213,Obesity_Type_II
4214,Obesity_Type_III
4215,Obesity_Type_II
4216,Obesity_Type_II
4217,Obesity_Type_III
4218,Obesity_Type_II
4219,Overweight_Level_I
4220,Insufficient_Weight
4221,Normal_Weight
4222,Obesity_Type_II
4223,Overweight_Level_I
4224,Obesity_Type_II
4225,Obesity_Type_II
4226,Obesity_Type_III
4227,Obesity_Type_III
4228,Obesity_Type_II
4229,Insufficient_Weight
4230,Insufficient_Weight
4231,Insufficient_Weight
4232,Insufficient_Weight
4233,Obesity_Type_II
4234,Obesity_Type_III
4235,Obesity_Type_II
4236,Obesity_Type_III
4237,Obesity_Type_II
4238,Obesity_Type_III
4239,Insufficient_Weight
4240,Obesity_Type_II
4241,Obesity_Type_II
4242,Overweight_Level_I
4243,Obesity_Type_II
4244,Obesity_Type_III
4245,Overweight_Level_I
4246,Obesity_Type_II
4247,Obesity_Type_III
4248,Insufficient_Weight
4249,Obesity_Type_III
4250,Normal_Weight
4251,Obesity_Type_II
4252,Insufficient_Weight
4253,Obesity_Type_I
4254,Obesity_Type_III
4255,Overweight_Level_I
4256,Insufficient_Weight
4257,Obesity_Type_II
4258,Obesity_Type_III
4259,Overweight_Level_I
4260,Insufficient_Weight
4261,Obesity_Type_III
4262,Overweight_Level_I
4263,Obesity_Type_I
4264,Overweight_Level_I
4265,Obesity_Type_III
4266,Obesity_Type_II
4267,Obesity_Type_III
4268,Overweight_Level_I
4269,Obesity_Type_III
4270,Obesity_Type_II
4271,Normal_Weight
4272,Normal_Weight
4273,Obesity_Type_III
4274,Obesity_Type_II
4275,Overweight_Level_I
4276,Obesity_Type_III
4277,Obesity_Type_III
4278,Obesity_Type_III
4279,Obesity_Type_II
4280,Obesity_Type_II
4281,Obesity_Type_III
4282,Normal_Weight
4283,Obesity_Type_II
4284,Obesity_Type_II
4285,Obesity_Type_I
4286,Overweight_Level_I
4287,Obesity_Type_III
4288,Obesity_Type_II
4289,Insufficient_Weight
4290,Obesity_Type_II
4291,Obesity_Type_I
4292,Insufficient_Weight
4293,Overweight_Level_I
4294,Obesity_Type_II
4295,Normal_Weight
4296,Insufficient_Weight
4297,Obesity_Type_II
4298,Obesity_Type_II
4299,Obesity_Type_II
4300,Obesity_Type_III
4301,Obesity_Type_II
4302,Obesity_Type_III
4303,Normal_Weight
4304,Obesity_Type_II
4305,Overweight_Level_I
4306,Obesity_Type_II
4307,Obesity_Type_II
4308,Obesity_Type_II
4309,Obesity_Type_II
4310,Obesity_Type_III
4311,Obesity_Type_III
4312,Overweight_Level_I
4313,Overweight_Level_I
4314,Overweight_Level_I
4315,Obesity_Type_III
4316,Obesity_Type_III
4317,Overweight_Level_I
4318,Obesity_Type_III
4319,Obesity_Type_III
4320,Obesity_Type_II
4321,Insufficient_Weight
4322,Obesity_Type_II
4323,Obesity_Type_II
4324,Obesity_Type_III
4325,Obesity_Type_III
4326,Obesity_Type_II
4327,Obesity_Type_III
4328,Obesity_Type_III
4329,Overweight_Level_I
4330,Insufficient_Weight
4331,Obesity_Type_II
4332,Obesity_Type_II
4333,Obesity_Type_II
4334,Obesity_Type_III
4335,Obesity_Type_II
4336,Insufficient_Weight
4337,Obesity_Type_III
4338,Obesity_Type_III
4339,Obesity_Type_III
4340,Normal_Weight
4341,Obesity_Type_II
4342,Obesity_Type_I
4343,Obesity_Type_III
4344,Obesity_Type_I
4345,Obesity_Type_III
4346,Obesity_Type_I
4347,Normal_Weight
4348,Normal_Weight
4349,Obesity_Type_III
4350,Insufficient_Weight
4351,Obesity_Type_II
4352,Obesity_Type_II
4353,Obesity_Type_II
4354,Obesity_Type_II
4355,Obesity_Type_II
4356,Normal_Weight
4357,Obesity_Type_II
4358,Overweight_Level_I
4359,Obesity_Type_II
4360,Obesity_Type_II
4361,Obesity_Type_III
4362,Obesity_Type_I
4363,Overweight_Level_II
4364,Insufficient_Weight
4365,Obesity_Type_III
4366,Obesity_Type_III
4367,Overweight_Level_I
4368,Obesity_Type_II
4369,Normal_Weight
4370,Obesity_Type_III
4371,Obesity_Type_II
4372,Normal_Weight
4373,Obesity_Type_III
4374,Insufficient_Weight
4375,Obesity_Type_II
4376,Overweight_Level_I
4377,Obesity_Type_I
4378,Insufficient_Weight
4379,Obesity_Type_II
4380,Obesity_Type_II
4381,Obesity_Type_II
4382,Obesity_Type_III
4383,Obesity_Type_II
4384,Overweight_Level_I
4385,Obesity_Type_II
4386,Obesity_Type_II
4387,Obesity_Type_III
4388,Insufficient_Weight
4389,Obesity_Type_III
4390,Insufficient_Weight
4391,Obesity_Type_I
4392,Obesity_Type_III
4393,Obesity_Type_II
4394,Obesity_Type_II
4395,Obesity_Type_III
4396,Obesity_Type_I
4397,Obesity_Type_III
4398,Obesity_Type_I
4399,Overweight_Level_I
4400,Obesity_Type_III
4401,Obesity_Type_II
4402,Insufficient_Weight
4403,Overweight_Level_I
4404,Obesity_Type_II
4405,Obesity_Type_II
4406,Obesity_Type_I
4407,Insufficient_Weight
4408,Obesity_Type_I
4409,Obesity_Type_I
4410,Overweight_Level_I
4411,Obesity_Type_II
4412,Obesity_Type_III
4413,Obesity_Type_III
4414,Insufficient_Weight
4415,Insufficient_Weight
4416,Overweight_Level_I
4417,Obesity_Type_III
4418,Normal_Weight
4419,Overweight_Level_I
4420,Overweight_Level_I
4421,Obesity_Type_III
4422,Obesity_Type_III
4423,Obesity_Type_III
4424,Obesity_Type_II
4425,Obesity_Type_II
4426,Obesity_Type_II
4427,Normal_Weight
4428,Obesity_Type_III
4429,Insufficient_Weight
4430,Obesity_Type_III
4431,Obesity_Type_III
4432,Normal_Weight
4433,Obesity_Type_I
4434,Overweight_Level_I
4435,Obesity_Type_III
4436,Obesity_Type_III
4437,Obesity_Type_III
4438,Obesity_Type_II
4439,Overweight_Level_I
4440,Insufficient_Weight
4441,Normal_Weight
4442,Obesity_Type_II
4443,Obesity_Type_II
4444,Obesity_Type_II
4445,Obesity_Type_II
4446,Obesity_Type_II
4447,Insufficient_Weight
4448,Obesity_Type_II
4449,Obesity_Type_II
4450,Obesity_Type_III
4451,Obesity_Type_III
4452,Obesity_Type_III
4453,Obesity_Type_II
4454,Obesity_Type_III
4455,Obesity_Type_III
4456,Insufficient_Weight
4457,Obesity_Type_II
4458,Obesity_Type_III
4459,Obesity_Type_II
4460,Obesity_Type_II
4461,Overweight_Level_I
4462,Obesity_Type_II
4463,Obesity_Type_III
4464,Obesity_Type_II
4465,Insufficient_Weight
4466,Normal_Weight
4467,Overweight_Level_I
4468,Obesity_Type_II
4469,Obesity_Type_II
4470,Insufficient_Weight
4471,Obesity_Type_III
4472,Obesity_Type_III
4473,Insufficient_Weight
4474,Obesity_Type_II
4475,Normal_Weight
4476,Overweight_Level_I
4477,Normal_Weight
4478,Obesity_Type_III
4479,Obesity_Type_II
4480,Obesity_Type_I
4481,Obesity_Type_III
4482,Normal_Weight
4483,Normal_Weight
4484,Obesity_Type_III
4485,Obesity_Type_II
4486,Insufficient_Weight
4487,Obesity_Type_II
4488,Normal_Weight
4489,Obesity_Type_III
4490,Insufficient_Weight
4491,Obesity_Type_I
4492,Obesity_Type_I
4493,Overweight_Level_I
4494,Obesity_Type_III
4495,Obesity_Type_III
4496,Normal_Weight
4497,Obesity_Type_II
4498,Obesity_Type_II
4499,Normal_Weight
4500,Obesity_Type_III
4501,Overweight_Level_I
4502,Insufficient_Weight
4503,Obesity_Type_III
4504,Obesity_Type_II
4505,Overweight_Level_I
4506,Obesity_Type_II
4507,Insufficient_Weight
4508,Obesity_Type_III
4509,Normal_Weight
4510,Obesity_Type_II
4511,Overweight_Level_I
4512,Obesity_Type_II
4513,Obesity_Type_III
4514,Insufficient_Weight
4515,Normal_Weight
4516,Obesity_Type_I
4517,Obesity_Type_III
4518,Obesity_Type_II
4519,Obesity_Type_III
4520,Obesity_Type_III
4521,Obesity_Type_II
4522,Obesity_Type_III
4523,Obesity_Type_II
4524,Overweight_Level_I
4525,Obesity_Type_III
4526,Obesity_Type_II
4527,Obesity_Type_III
4528,Obesity_Type_III
4529,Obesity_Type_II
4530,Obesity_Type_II
4531,Obesity_Type_III
4532,Obesity_Type_I
4533,Obesity_Type_II
4534,Obesity_Type_II
4535,Normal_Weight
4536,Overweight_Level_I
4537,Overweight_Level_I
4538,Obesity_Type_III
4539,Overweight_Level_I
4540,Obesity_Type_III
4541,Obesity_Type_III
4542,Obesity_Type_III
4543,Obesity_Type_II
4544,Obesity_Type_II
4545,Obesity_Type_III
4546,Insufficient_Weight
4547,Obesity_Type_III
4548,Obesity_Type_III
4549,Obesity_Type_III
4550,Obesity_Type_II
4551,Overweight_Level_I
4552,Obesity_Type_II
4553,Obesity_Type_III
4554,Obesity_Type_II
4555,Obesity_Type_III
4556,Insufficient_Weight
4557,Obesity_Type_III
4558,Insufficient_Weight
4559,Obesity_Type_II
4560,Obesity_Type_II
4561,Obesity_Type_II
4562,Normal_Weight
4563,Obesity_Type_II
4564,Normal_Weight
4565,Insufficient_Weight
4566,Obesity_Type_II
4567,Obesity_Type_III
4568,Obesity_Type_II
4569,Insufficient_Weight
4570,Obesity_Type_II
4571,Obesity_Type_II
4572,Obesity_Type_III
4573,Obesity_Type_II
4574,Normal_Weight
4575,Obesity_Type_II
4576,Obesity_Type_II
4577,Normal_Weight
4578,Obesity_Type_III
4579,Obesity_Type_III
4580,Obesity_Type_II
4581,Normal_Weight
4582,Insufficient_Weight
4583,Overweight_Level_I
4584,Obesity_Type_III
4585,Obesity_Type_III
4586,Obesity_Type_III
4587,Obesity_Type_III
4588,Obesity_Type_III
4589,Normal_Weight
4590,Overweight_Level_I
4591,Normal_Weight
4592,Obesity_Type_III
4593,Normal_Weight
4594,Overweight_Level_I
4595,Obesity_Type_III
4596,Normal_Weight
4597,Overweight_Level_I
4598,Overweight_Level_I
4599,Obesity_Type_III
4600,Obesity_Type_III
4601,Obesity_Type_III
4602,Insufficient_Weight
4603,Obesity_Type_I
4604,Obesity_Type_III
4605,Insufficient_Weight
4606,Obesity_Type_III
4607,Obesity_Type_III
4608,Obesity_Type_III
4609,Obesity_Type_III
4610,Obesity_Type_III
4611,Obesity_Type_II
4612,Overweight_Level_I
4613,Insufficient_Weight
4614,Overweight_Level_I
4615,Overweight_Level_I
4616,Insufficient_Weight
4617,Obesity_Type_III
4618,Obesity_Type_III
4619,Overweight_Level_I
4620,Normal_Weight
4621,Obesity_Type_III
4622,Insufficient_Weight
4623,Insufficient_Weight
4624,Overweight_Level_I
4625,Insufficient_Weight
4626,Obesity_Type_III
4627,Insufficient_Weight
4628,Obesity_Type_III
4629,Insufficient_Weight
4630,Overweight_Level_I
4631,Insufficient_Weight
4632,Insufficient_Weight
4633,Obesity_Type_III
4634,Obesity_Type_III
4635,Normal_Weight
4636,Obesity_Type_III
4637,Obesity_Type_III
4638,Obesity_Type_I
4639,Obesity_Type_II
4640,Obesity_Type_I
4641,Obesity_Type_III
4642,Obesity_Type_I
4643,Overweight_Level_I
4644,Obesity_Type_III
4645,Obesity_Type_III
4646,Insufficient_Weight
4647,Obesity_Type_I
4648,Overweight_Level_I
4649,Insufficient_Weight
4650,Obesity_Type_II
4651,Obesity_Type_III
4652,Insufficient_Weight
4653,Overweight_Level_I
4654,Obesity_Type_III
4655,Obesity_Type_III
4656,Obesity_Type_II
4657,Obesity_Type_III
4658,Obesity_Type_II
4659,Obesity_Type_I
4660,Insufficient_Weight
4661,Obesity_Type_II
4662,Obesity_Type_II
4663,Obesity_Type_II
4664,Obesity_Type_II
4665,Insufficient_Weight
4666,Normal_Weight
4667,Normal_Weight
4668,Obesity_Type_II
4669,Normal_Weight
4670,Obesity_Type_III
4671,Obesity_Type_II
4672,Obesity_Type_II
4673,Obesity_Type_III
4674,Insufficient_Weight
4675,Obesity_Type_III
4676,Obesity_Type_III
4677,Overweight_Level_I
4678,Obesity_Type_III
4679,Obesity_Type_I
4680,Overweight_Level_I
4681,Insufficient_Weight
4682,Obesity_Type_II
4683,Obesity_Type_III
4684,Normal_Weight
4685,Obesity_Type_III
4686,Obesity_Type_II
4687,Obesity_Type_III
4688,Overweight_Level_I
4689,Insufficient_Weight
4690,Obesity_Type_II
4691,Obesity_Type_III
4692,Obesity_Type_III
4693,Normal_Weight
4694,Obesity_Type_III
4695,Obesity_Type_II
4696,Obesity_Type_II
4697,Normal_Weight
4698,Obesity_Type_II
4699,Insufficient_Weight
4700,Obesity_Type_I
4701,Insufficient_Weight
4702,Overweight_Level_I
4703,Insufficient_Weight
4704,Obesity_Type_II
4705,Obesity_Type_III
4706,Obesity_Type_III
4707,Obesity_Type_II
4708,Normal_Weight
4709,Insufficient_Weight
4710,Normal_Weight
4711,Obesity_Type_II
4712,Normal_Weight
4713,Obesity_Type_III
4714,Obesity_Type_I
4715,Obesity_Type_II
4716,Overweight_Level_I
4717,Obesity_Type_II
4718,Obesity_Type_III
4719,Insufficient_Weight
4720,Obesity_Type_III
4721,Normal_Weight
4722,Obesity_Type_III
4723,Obesity_Type_III
4724,Obesity_Type_III
4725,Obesity_Type_II
4726,Insufficient_Weight
4727,Obesity_Type_I
4728,Obesity_Type_III
4729,Obesity_Type_III
4730,Insufficient_Weight
4731,Overweight_Level_I
4732,Obesity_Type_III
4733,Obesity_Type_II
4734,Obesity_Type_III
4735,Obesity_Type_III
4736,Obesity_Type_II
4737,Obesity_Type_II
4738,Insufficient_Weight
4739,Obesity_Type_II
4740,Obesity_Type_II
4741,Normal_Weight
4742,Obesity_Type_II
4743,Obesity_Type_III
4744,Obesity_Type_III
4745,Normal_Weight
4746,Obesity_Type_II
4747,Insufficient_Weight
4748,Obesity_Type_II
4749,Obesity_Type_II
4750,Obesity_Type_II
4751,Obesity_Type_I
4752,Obesity_Type_II
4753,Obesity_Type_III
4754,Obesity_Type_II
4755,Obesity_Type_II
4756,Obesity_Type_III
4757,Overweight_Level_I
4758,Normal_Weight
4759,Obesity_Type_III
4760,Obesity_Type_III
4761,Obesity_Type_III
4762,Obesity_Type_III
4763,Obesity_Type_II
4764,Obesity_Type_I
4765,Insufficient_Weight
4766,Overweight_Level_I
4767,Obesity_Type_II
4768,Obesity_Type_III
4769,Obesity_Type_III
4770,Obesity_Type_II
4771,Obesity_Type_II
4772,Obesity_Type_II
4773,Obesity_Type_III
4774,Obesity_Type_II
4775,Obesity_Type_II
4776,Overweight_Level_I
4777,Obesity_Type_III
4778,Normal_Weight
4779,Obesity_Type_II
4780,Normal_Weight
4781,Normal_Weight
4782,Obesity_Type_III
4783,Obesity_Type_III
4784,Obesity_Type_II
4785,Obesity_Type_II
4786,Obesity_Type_III
4787,Obesity_Type_III
4788,Obesity_Type_II
4789,Obesity_Type_II
4790,Obesity_Type_II
4791,Obesity_Type_III
4792,Obesity_Type_III
4793,Obesity_Type_II
4794,Obesity_Type_III
4795,Obesity_Type_I
4796,Overweight_Level_I
4797,Obesity_Type_III
4798,Normal_Weight
4799,Obesity_Type_II
4800,Insufficient_Weight
4801,Obesity_Type_III
4802,Obesity_Type_II
4803,Obesity_Type_III
4804,Insufficient_Weight
4805,Obesity_Type_III
4806,Normal_Weight
4807,Obesity_Type_III
4808,Obesity_Type_II
4809,Overweight_Level_I
4810,Insufficient_Weight
4811,Obesity_Type_II
4812,Obesity_Type_III
4813,Obesity_Type_III
4814,Obesity_Type_III
4815,Obesity_Type_III
4816,Normal_Weight
4817,Overweight_Level_I
4818,Overweight_Level_I
4819,Normal_Weight
4820,Obesity_Type_III
4821,Obesity_Type_II
4822,Obesity_Type_II
4823,Obesity_Type_II
4824,Normal_Weight
4825,Normal_Weight
4826,Obesity_Type_II
4827,Obesity_Type_III
4828,Obesity_Type_II
4829,Overweight_Level_I
4830,Obesity_Type_III
4831,Obesity_Type_I
4832,Obesity_Type_II
4833,Obesity_Type_III
4834,Obesity_Type_II
4835,Obesity_Type_III
4836,Overweight_Level_I
4837,Obesity_Type_II
4838,Obesity_Type_II
4839,Obesity_Type_II
4840,Obesity_Type_II
4841,Overweight_Level_I
4842,Obesity_Type_II
4843,Obesity_Type_III
4844,Obesity_Type_III
4845,Obesity_Type_III
4846,Obesity_Type_II
4847,Obesity_Type_II
4848,Obesity_Type_II
4849,Obesity_Type_III
4850,Obesity_Type_III
4851,Obesity_Type_III
4852,Normal_Weight
4853,Obesity_Type_I
4854,Insufficient_Weight
4855,Obesity_Type_III
4856,Obesity_Type_II
4857,Obesity_Type_III
4858,Obesity_Type_II
4859,Insufficient_Weight
4860,Normal_Weight
4861,Obesity_Type_III
4862,Obesity_Type_III
4863,Overweight_Level_I
4864,Obesity_Type_III
4865,Obesity_Type_III
4866,Obesity_Type_II
4867,Obesity_Type_II
4868,Overweight_Level_I
4869,Obesity_Type_III
4870,Overweight_Level_I
4871,Overweight_Level_I
4872,Overweight_Level_I
4873,Obesity_Type_II
4874,Obesity_Type_II
4875,Overweight_Level_I
4876,Insufficient_Weight
4877,Obesity_Type_II
4878,Obesity_Type_III
4879,Obesity_Type_III
4880,Obesity_Type_III
4881,Obesity_Type_II
4882,Obesity_Type_III
4883,Obesity_Type_II
4884,Normal_Weight
4885,Insufficient_Weight
4886,Obesity_Type_III
4887,Obesity_Type_II
4888,Obesity_Type_II
4889,Overweight_Level_I
4890,Overweight_Level_I
4891,Insufficient_Weight
4892,Obesity_Type_II
4893,Overweight_Level_I
4894,Obesity_Type_III
4895,Normal_Weight
4896,Obesity_Type_III
4897,Overweight_Level_I
4898,Obesity_Type_III
4899,Obesity_Type_II
4900,Obesity_Type_III
4901,Obesity_Type_II
4902,Obesity_Type_III
4903,Insufficient_Weight
4904,Normal_Weight
4905,Normal_Weight
4906,Obesity_Type_III
4907,Obesity_Type_I
4908,Obesity_Type_II
4909,Obesity_Type_II
4910,Overweight_Level_I
4911,Normal_Weight
4912,Normal_Weight
4913,Insufficient_Weight
4914,Obesity_Type_III
4915,Obesity_Type_II
4916,Obesity_Type_II
4917,Obesity_Type_III
4918,Obesity_Type_III
4919,Normal_Weight
4920,Normal_Weight
4921,Obesity_Type_III
4922,Obesity_Type_II
4923,Overweight_Level_II
4924,Normal_Weight
4925,Obesity_Type_II
4926,Obesity_Type_III
4927,Obesity_Type_II
4928,Obesity_Type_III
4929,Normal_Weight
4930,Overweight_Level_I
4931,Obesity_Type_I
4932,Obesity_Type_II
4933,Obesity_Type_II
4934,Obesity_Type_II
4935,Obesity_Type_II
4936,Insufficient_Weight
4937,Overweight_Level_I
4938,Overweight_Level_I
4939,Insufficient_Weight
4940,Obesity_Type_II
4941,Normal_Weight
4942,Insufficient_Weight
4943,Insufficient_Weight
4944,Obesity_Type_III
4945,Obesity_Type_III
4946,Insufficient_Weight
4947,Obesity_Type_II
4948,Obesity_Type_I
4949,Obesity_Type_III
4950,Obesity_Type_II
4951,Normal_Weight
4952,Obesity_Type_III
4953,Obesity_Type_II
4954,Insufficient_Weight
4955,Obesity_Type_II
4956,Obesity_Type_II
4957,Obesity_Type_II
4958,Obesity_Type_II
4959,Insufficient_Weight
4960,Overweight_Level_I
4961,Insufficient_Weight
4962,Obesity_Type_II
4963,Obesity_Type_II
4964,Normal_Weight
4965,Obesity_Type_III
4966,Overweight_Level_I
4967,Obesity_Type_II
4968,Obesity_Type_III
4969,Obesity_Type_III
4970,Overweight_Level_I
4971,Obesity_Type_III
4972,Obesity_Type_II
4973,Obesity_Type_III
4974,Overweight_Level_I
4975,Overweight_Level_I
4976,Obesity_Type_II
4977,Obesity_Type_II
4978,Obesity_Type_II
4979,Obesity_Type_II
4980,Obesity_Type_III
4981,Obesity_Type_II
4982,Obesity_Type_II
4983,Normal_Weight
4984,Insufficient_Weight
4985,Obesity_Type_III
4986,Obesity_Type_II
4987,Insufficient_Weight
4988,Obesity_Type_III
4989,Insufficient_Weight
4990,Obesity_Type_II
4991,Overweight_Level_I
4992,Overweight_Level_I
4993,Obesity_Type_III
4994,Obesity_Type_II
4995,Overweight_Level_I
4996,Obesity_Type_III
4997,Obesity_Type_II
4998,Normal_Weight
4999,Normal_Weight
5000,Obesity_Type_III
5001,Insufficient_Weight
5002,Normal_Weight
5003,Obesity_Type_III
5004,Obesity_Type_II
5005,Obesity_Type_II
5006,Overweight_Level_I
5007,Obesity_Type_II
5008,Obesity_Type_III
5009,Obesity_Type_II
5010,Obesity_Type_III
5011,Normal_Weight
5012,Obesity_Type_III
5013,Obesity_Type_III
5014,Obesity_Type_III
5015,Obesity_Type_III
5016,Obesity_Type_II
5017,Obesity_Type_II
5018,Obesity_Type_II
5019,Obesity_Type_II
5020,Insufficient_Weight
5021,Obesity_Type_III
5022,Obesity_Type_III
5023,Overweight_Level_I
5024,Obesity_Type_II
5025,Obesity_Type_III
5026,Obesity_Type_III
5027,Obesity_Type_II
5028,Obesity_Type_II
5029,Obesity_Type_II
5030,Obesity_Type_III
5031,Obesity_Type_III
5032,Insufficient_Weight
5033,Obesity_Type_II
5034,Overweight_Level_I
5035,Obesity_Type_I
5036,Obesity_Type_II
5037,Obesity_Type_II
5038,Obesity_Type_II
5039,Overweight_Level_I
5040,Normal_Weight
5041,Overweight_Level_I
5042,Overweight_Level_I
5043,Obesity_Type_III
5044,Obesity_Type_II
5045,Obesity_Type_III
5046,Overweight_Level_I
5047,Normal_Weight
5048,Obesity_Type_I
5049,Obesity_Type_II
5050,Obesity_Type_II
5051,Obesity_Type_II
5052,Obesity_Type_III
5053,Overweight_Level_I
5054,Obesity_Type_I
5055,Overweight_Level_I
5056,Obesity_Type_II
5057,Insufficient_Weight
5058,Overweight_Level_I
5059,Obesity_Type_III
5060,Insufficient_Weight
5061,Normal_Weight
5062,Obesity_Type_II
5063,Insufficient_Weight
5064,Insufficient_Weight
5065,Overweight_Level_I
5066,Insufficient_Weight
5067,Obesity_Type_III
5068,Obesity_Type_III
5069,Obesity_Type_II
5070,Obesity_Type_III
5071,Obesity_Type_II
5072,Obesity_Type_II
5073,Obesity_Type_II
5074,Obesity_Type_III
5075,Obesity_Type_III
5076,Obesity_Type_II
5077,Obesity_Type_II
5078,Obesity_Type_II
5079,Insufficient_Weight
5080,Obesity_Type_III
5081,Obesity_Type_III
5082,Obesity_Type_III
5083,Overweight_Level_I
5084,Overweight_Level_I
5085,Obesity_Type_I
5086,Obesity_Type_II
5087,Obesity_Type_III
5088,Insufficient_Weight
5089,Obesity_Type_III
5090,Obesity_Type_II
5091,Insufficient_Weight
5092,Normal_Weight
5093,Obesity_Type_III
5094,Obesity_Type_III
5095,Obesity_Type_I
5096,Obesity_Type_I
5097,Obesity_Type_III
5098,Obesity_Type_II
5099,Obesity_Type_II
5100,Overweight_Level_I
5101,Insufficient_Weight
5102,Obesity_Type_III
5103,Obesity_Type_III
5104,Obesity_Type_III
5105,Insufficient_Weight
5106,Obesity_Type_II
5107,Obesity_Type_II
5108,Obesity_Type_III
5109,Obesity_Type_II
5110,Obesity_Type_II
5111,Obesity_Type_II
5112,Obesity_Type_III
5113,Insufficient_Weight
5114,Insufficient_Weight
5115,Obesity_Type_II
5116,Obesity_Type_III
5117,Obesity_Type_III
5118,Insufficient_Weight
5119,Insufficient_Weight
5120,Obesity_Type_I
5121,Obesity_Type_II
5122,Obesity_Type_III
5123,Insufficient_Weight
5124,Obesity_Type_III
5125,Obesity_Type_I
5126,Obesity_Type_II
5127,Obesity_Type_II
5128,Obesity_Type_III
5129,Obesity_Type_III
5130,Overweight_Level_I
5131,Overweight_Level_I
5132,Obesity_Type_II
5133,Overweight_Level_I
5134,Obesity_Type_II
5135,Normal_Weight
5136,Obesity_Type_III
5137,Obesity_Type_III
5138,Obesity_Type_III
5139,Obesity_Type_III
5140,Obesity_Type_II
5141,Normal_Weight
5142,Overweight_Level_I
5143,Obesity_Type_II
5144,Obesity_Type_I
5145,Obesity_Type_III
5146,Obesity_Type_II
5147,Obesity_Type_III
5148,Insufficient_Weight
5149,Insufficient_Weight
5150,Obesity_Type_III
5151,Obesity_Type_I
5152,Obesity_Type_II
5153,Obesity_Type_II
5154,Obesity_Type_III
5155,Obesity_Type_III
5156,Obesity_Type_III
5157,Obesity_Type_II
5158,Overweight_Level_I
5159,Obesity_Type_II
5160,Obesity_Type_II
5161,Obesity_Type_II
5162,Obesity_Type_III
5163,Obesity_Type_II
5164,Obesity_Type_III
5165,Obesity_Type_II
5166,Obesity_Type_III
5167,Insufficient_Weight
5168,Obesity_Type_II
5169,Obesity_Type_III
5170,Obesity_Type_II
5171,Obesity_Type_II
5172,Obesity_Type_III
5173,Obesity_Type_III
5174,Insufficient_Weight
5175,Insufficient_Weight
5176,Obesity_Type_II
5177,Overweight_Level_I
5178,Obesity_Type_III
5179,Obesity_Type_II
5180,Obesity_Type_II
5181,Insufficient_Weight
5182,Obesity_Type_III
5183,Overweight_Level_I
5184,Insufficient_Weight
5185,Normal_Weight
5186,Obesity_Type_II
5187,Obesity_Type_II
5188,Insufficient_Weight
5189,Obesity_Type_III
5190,Normal_Weight
5191,Obesity_Type_II
5192,Obesity_Type_I
5193,Obesity_Type_II
5194,Obesity_Type_III
5195,Obesity_Type_II
5196,Obesity_Type_III
5197,Obesity_Type_II
5198,Obesity_Type_III
5199,Obesity_Type_III
5200,Obesity_Type_II
5201,Overweight_Level_II
5202,Insufficient_Weight
5203,Obesity_Type_I
5204,Obesity_Type_II
5205,Insufficient_Weight
5206,Obesity_Type_III
5207,Overweight_Level_I
5208,Obesity_Type_III
5209,Overweight_Level_I
5210,Obesity_Type_II
5211,Insufficient_Weight
5212,Obesity_Type_II
5213,Obesity_Type_II
5214,Normal_Weight
5215,Obesity_Type_II
5216,Obesity_Type_II
5217,Obesity_Type_I
5218,Obesity_Type_II
5219,Obesity_Type_II
5220,Obesity_Type_II
5221,Overweight_Level_I
5222,Insufficient_Weight
5223,Obesity_Type_III
5224,Obesity_Type_II
5225,Insufficient_Weight
5226,Obesity_Type_II
5227,Obesity_Type_III
5228,Obesity_Type_III
5229,Obesity_Type_III
5230,Obesity_Type_III
5231,Obesity_Type_II
5232,Obesity_Type_III
5233,Obesity_Type_III
5234,Obesity_Type_II
5235,Obesity_Type_II
5236,Overweight_Level_I
5237,Insufficient_Weight
5238,Obesity_Type_II
5239,Obesity_Type_II
5240,Obesity_Type_II
5241,Obesity_Type_I
5242,Obesity_Type_III
5243,Obesity_Type_III
5244,Obesity_Type_II
5245,Overweight_Level_I
5246,Obesity_Type_III
5247,Obesity_Type_III
5248,Insufficient_Weight
5249,Obesity_Type_II
5250,Obesity_Type_III
5251,Obesity_Type_III
5252,Normal_Weight
5253,Obesity_Type_II
5254,Obesity_Type_III
5255,Obesity_Type_II
5256,Obesity_Type_II
5257,Overweight_Level_I
5258,Obesity_Type_II
5259,Obesity_Type_II
5260,Obesity_Type_II
5261,Obesity_Type_II
5262,Insufficient_Weight
5263,Obesity_Type_II
5264,Overweight_Level_I
5265,Overweight_Level_I
5266,Overweight_Level_I
5267,Obesity_Type_III
5268,Obesity_Type_II
5269,Obesity_Type_I
5270,Overweight_Level_I
5271,Obesity_Type_III
5272,Insufficient_Weight
5273,Obesity_Type_III
5274,Insufficient_Weight
5275,Normal_Weight
5276,Obesity_Type_I
5277,Obesity_Type_III
5278,Overweight_Level_I
5279,Obesity_Type_II
5280,Obesity_Type_II
5281,Normal_Weight
5282,Obesity_Type_III
5283,Obesity_Type_III
5284,Obesity_Type_III
5285,Obesity_Type_II
5286,Obesity_Type_III
5287,Insufficient_Weight
5288,Normal_Weight
5289,Obesity_Type_II
5290,Normal_Weight
5291,Obesity_Type_III
5292,Obesity_Type_I
5293,Obesity_Type_II
5294,Obesity_Type_II
5295,Overweight_Level_I
5296,Overweight_Level_I
5297,Obesity_Type_II
5298,Insufficient_Weight
5299,Insufficient_Weight
5300,Insufficient_Weight
5301,Overweight_Level_I
5302,Obesity_Type_III
5303,Overweight_Level_I
5304,Overweight_Level_I
5305,Obesity_Type_II
5306,Normal_Weight
5307,Obesity_Type_II
5308,Obesity_Type_III
5309,Obesity_Type_II
5310,Obesity_Type_III
5311,Insufficient_Weight
5312,Obesity_Type_III
5313,Obesity_Type_II
5314,Obesity_Type_I
5315,Obesity_Type_II
5316,Obesity_Type_II
5317,Overweight_Level_I
5318,Normal_Weight
5319,Obesity_Type_I
5320,Obesity_Type_III
5321,Obesity_Type_III
5322,Obesity_Type_II
5323,Obesity_Type_II
5324,Insufficient_Weight
5325,Insufficient_Weight
5326,Overweight_Level_I
5327,Normal_Weight
5328,Insufficient_Weight
5329,Obesity_Type_II
5330,Overweight_Level_I
5331,Obesity_Type_III
5332,Obesity_Type_II
5333,Insufficient_Weight
5334,Obesity_Type_III
5335,Normal_Weight
5336,Obesity_Type_II
5337,Obesity_Type_II
5338,Normal_Weight
5339,Obesity_Type_II
5340,Obesity_Type_III
5341,Obesity_Type_II
5342,Insufficient_Weight
5343,Obesity_Type_II
5344,Obesity_Type_II
5345,Obesity_Type_III
5346,Obesity_Type_II
5347,Obesity_Type_II
5348,Obesity_Type_II
5349,Overweight_Level_I
5350,Obesity_Type_III
5351,Obesity_Type_III
5352,Overweight_Level_I
5353,Obesity_Type_III
5354,Normal_Weight
5355,Obesity_Type_III
5356,Obesity_Type_II
5357,Insufficient_Weight
5358,Obesity_Type_III
5359,Obesity_Type_II
5360,Obesity_Type_II
5361,Obesity_Type_III
5362,Insufficient_Weight
5363,Obesity_Type_III
5364,Overweight_Level_I
5365,Obesity_Type_II
5366,Insufficient_Weight
5367,Obesity_Type_III
5368,Obesity_Type_II
5369,Obesity_Type_III
5370,Obesity_Type_I
5371,Overweight_Level_I
5372,Obesity_Type_II
5373,Obesity_Type_I
5374,Obesity_Type_III
5375,Obesity_Type_III
5376,Obesity_Type_II
5377,Obesity_Type_II
5378,Obesity_Type_III
5379,Normal_Weight
5380,Overweight_Level_I
5381,Obesity_Type_III
5382,Overweight_Level_I
5383,Normal_Weight
5384,Overweight_Level_I
5385,Obesity_Type_II
5386,Obesity_Type_II
5387,Obesity_Type_III
5388,Overweight_Level_I
5389,Obesity_Type_III
5390,Overweight_Level_I
5391,Obesity_Type_I
5392,Obesity_Type_III
5393,Obesity_Type_III
5394,Obesity_Type_III
5395,Obesity_Type_II
5396,Obesity_Type_II
5397,Obesity_Type_II
5398,Overweight_Level_I
5399,Obesity_Type_II
5400,Overweight_Level_I
5401,Obesity_Type_II
5402,Insufficient_Weight
5403,Obesity_Type_II
5404,Overweight_Level_I
5405,Obesity_Type_II
5406,Obesity_Type_III
5407,Obesity_Type_III
5408,Obesity_Type_II
5409,Obesity_Type_III
5410,Obesity_Type_II
5411,Obesity_Type_III
5412,Obesity_Type_III
5413,Insufficient_Weight
5414,Insufficient_Weight
5415,Obesity_Type_II
5416,Normal_Weight
5417,Insufficient_Weight
5418,Normal_Weight
5419,Obesity_Type_II
5420,Normal_Weight
5421,Obesity_Type_III
5422,Obesity_Type_III
5423,Normal_Weight
5424,Overweight_Level_I
5425,Obesity_Type_II
5426,Normal_Weight
5427,Overweight_Level_I
5428,Obesity_Type_III
5429,Obesity_Type_III
5430,Insufficient_Weight
5431,Obesity_Type_II
5432,Obesity_Type_II
5433,Insufficient_Weight
5434,Obesity_Type_II
5435,Overweight_Level_I
5436,Overweight_Level_I
5437,Overweight_Level_I
5438,Obesity_Type_II
5439,Insufficient_Weight
5440,Insufficient_Weight
5441,Insufficient_Weight
5442,Insufficient_Weight
5443,Obesity_Type_II
5444,Normal_Weight
5445,Obesity_Type_II
5446,Obesity_Type_I
5447,Obesity_Type_II
5448,Obesity_Type_III
5449,Obesity_Type_II
5450,Overweight_Level_I
5451,Obesity_Type_I
5452,Obesity_Type_II
5453,Overweight_Level_I
5454,Obesity_Type_II
5455,Obesity_Type_III
5456,Insufficient_Weight
5457,Obesity_Type_II
5458,Obesity_Type_II
5459,Obesity_Type_II
5460,Obesity_Type_II
5461,Overweight_Level_I
5462,Obesity_Type_II
5463,Obesity_Type_II
5464,Obesity_Type_II
5465,Obesity_Type_II
5466,Obesity_Type_II
5467,Obesity_Type_III
5468,Obesity_Type_II
5469,Obesity_Type_II
5470,Obesity_Type_III
5471,Overweight_Level_I
5472,Insufficient_Weight
5473,Obesity_Type_II
5474,Normal_Weight
5475,Normal_Weight
5476,Obesity_Type_II
5477,Obesity_Type_III
5478,Obesity_Type_II
5479,Obesity_Type_III
5480,Obesity_Type_III
5481,Insufficient_Weight
5482,Obesity_Type_II
5483,Obesity_Type_II
5484,Obesity_Type_III
5485,Obesity_Type_II
5486,Normal_Weight
5487,Insufficient_Weight
5488,Obesity_Type_II
5489,Obesity_Type_III
5490,Obesity_Type_III
5491,Obesity_Type_II
5492,Obesity_Type_I
5493,Insufficient_Weight
5494,Insufficient_Weight
5495,Obesity_Type_I
5496,Obesity_Type_III
5497,Obesity_Type_II
5498,Obesity_Type_I
5499,Obesity_Type_III
5500,Normal_Weight
5501,Normal_Weight
5502,Obesity_Type_II
5503,Overweight_Level_I
5504,Overweight_Level_I
5505,Obesity_Type_II
5506,Obesity_Type_III
5507,Obesity_Type_II
5508,Obesity_Type_III
5509,Obesity_Type_II
5510,Obesity_Type_II
5511,Overweight_Level_I
5512,Obesity_Type_III
5513,Obesity_Type_III
5514,Obesity_Type_III
5515,Insufficient_Weight
5516,Obesity_Type_II
5517,Normal_Weight
5518,Obesity_Type_II
5519,Normal_Weight
5520,Obesity_Type_III
5521,Obesity_Type_II
5522,Obesity_Type_III
5523,Obesity_Type_II
5524,Obesity_Type_III
5525,Obesity_Type_II
5526,Obesity_Type_II
5527,Insufficient_Weight
5528,Insufficient_Weight
5529,Insufficient_Weight
5530,Obesity_Type_II
5531,Obesity_Type_II
5532,Obesity_Type_I
5533,Obesity_Type_III
5534,Obesity_Type_II
5535,Obesity_Type_II
5536,Obesity_Type_II
5537,Insufficient_Weight
5538,Obesity_Type_II
5539,Obesity_Type_III
5540,Obesity_Type_II
5541,Insufficient_Weight
5542,Obesity_Type_III
5543,Obesity_Type_II
5544,Overweight_Level_I
5545,Insufficient_Weight
5546,Obesity_Type_III
5547,Normal_Weight
5548,Overweight_Level_I
5549,Overweight_Level_I
5550,Obesity_Type_I
5551,Normal_Weight
5552,Obesity_Type_II
5553,Obesity_Type_III
5554,Obesity_Type_III
5555,Obesity_Type_III
5556,Obesity_Type_II
5557,Obesity_Type_II
5558,Obesity_Type_I
5559,Normal_Weight
5560,Obesity_Type_II
5561,Obesity_Type_III
5562,Obesity_Type_III
5563,Overweight_Level_I
5564,Insufficient_Weight
5565,Obesity_Type_II
5566,Obesity_Type_III
5567,Insufficient_Weight
5568,Obesity_Type_III
5569,Insufficient_Weight
5570,Insufficient_Weight
5571,Obesity_Type_II
5572,Insufficient_Weight
5573,Obesity_Type_III
5574,Obesity_Type_III
5575,Insufficient_Weight
5576,Obesity_Type_III
5577,Obesity_Type_III
5578,Obesity_Type_III
5579,Obesity_Type_I
5580,Obesity_Type_III
5581,Obesity_Type_II
5582,Obesity_Type_III
5583,Obesity_Type_III
5584,Insufficient_Weight
5585,Obesity_Type_III
5586,Normal_Weight
5587,Obesity_Type_III
5588,Normal_Weight
5589,Obesity_Type_II
5590,Obesity_Type_II
5591,Overweight_Level_I
5592,Obesity_Type_III
5593,Insufficient_Weight
5594,Obesity_Type_II
5595,Obesity_Type_II
5596,Insufficient_Weight
5597,Obesity_Type_II
5598,Obesity_Type_III
5599,Obesity_Type_III
5600,Overweight_Level_I
5601,Obesity_Type_II
5602,Obesity_Type_III
5603,Overweight_Level_I
5604,Obesity_Type_II
5605,Obesity_Type_II
5606,Obesity_Type_II
5607,Overweight_Level_I
5608,Obesity_Type_II
5609,Obesity_Type_III
5610,Obesity_Type_I
5611,Obesity_Type_II
5612,Obesity_Type_III
5613,Overweight_Level_I
5614,Obesity_Type_III
5615,Obesity_Type_II
5616,Overweight_Level_I
5617,Obesity_Type_II
5618,Insufficient_Weight
5619,Overweight_Level_I
5620,Normal_Weight
5621,Overweight_Level_II
5622,Obesity_Type_II
5623,Obesity_Type_III
5624,Obesity_Type_III
5625,Obesity_Type_III
5626,Obesity_Type_II
5627,Overweight_Level_I
5628,Obesity_Type_II
5629,Obesity_Type_III
5630,Overweight_Level_I
5631,Insufficient_Weight
5632,Overweight_Level_I
5633,Obesity_Type_III
5634,Obesity_Type_II
5635,Obesity_Type_I
5636,Obesity_Type_II
5637,Obesity_Type_II
5638,Obesity_Type_III
5639,Obesity_Type_II
5640,Obesity_Type_III
5641,Obesity_Type_II
5642,Obesity_Type_II
5643,Obesity_Type_III
5644,Obesity_Type_II
5645,Insufficient_Weight
5646,Obesity_Type_III
5647,Obesity_Type_II
5648,Obesity_Type_I
5649,Obesity_Type_II
5650,Obesity_Type_III
5651,Obesity_Type_II
5652,Obesity_Type_II
5653,Obesity_Type_III
5654,Obesity_Type_II
5655,Overweight_Level_I
5656,Obesity_Type_II
5657,Obesity_Type_II
5658,Obesity_Type_II
5659,Obesity_Type_II
5660,Overweight_Level_II
5661,Insufficient_Weight
5662,Normal_Weight
5663,Obesity_Type_II
5664,Obesity_Type_III
5665,Overweight_Level_I
5666,Overweight_Level_I
5667,Overweight_Level_I
5668,Obesity_Type_II
5669,Obesity_Type_III
5670,Obesity_Type_III
5671,Normal_Weight
5672,Obesity_Type_I
5673,Obesity_Type_II
5674,Insufficient_Weight
5675,Obesity_Type_II
5676,Obesity_Type_III
5677,Obesity_Type_II
5678,Obesity_Type_II
5679,Obesity_Type_III
5680,Obesity_Type_II
5681,Overweight_Level_I
5682,Obesity_Type_II
5683,Obesity_Type_I
5684,Insufficient_Weight
5685,Obesity_Type_I
5686,Obesity_Type_II
5687,Normal_Weight
5688,Overweight_Level_I
5689,Obesity_Type_III
5690,Obesity_Type_II
5691,Normal_Weight
5692,Obesity_Type_II
5693,Insufficient_Weight
5694,Obesity_Type_II
5695,Normal_Weight
5696,Obesity_Type_II
5697,Overweight_Level_I
5698,Obesity_Type_III
5699,Obesity_Type_III
5700,Obesity_Type_II
5701,Obesity_Type_III
5702,Obesity_Type_III
5703,Overweight_Level_I
5704,Overweight_Level_I
5705,Obesity_Type_III
5706,Overweight_Level_I
5707,Obesity_Type_II
5708,Obesity_Type_III
5709,Obesity_Type_II
5710,Obesity_Type_III
5711,Obesity_Type_III
5712,Obesity_Type_II
5713,Insufficient_Weight
5714,Obesity_Type_III
5715,Overweight_Level_I
5716,Obesity_Type_III
5717,Obesity_Type_II
5718,Obesity_Type_II
5719,Overweight_Level_I
5720,Obesity_Type_II
5721,Insufficient_Weight
5722,Obesity_Type_III
5723,Obesity_Type_III
5724,Insufficient_Weight
5725,Obesity_Type_III
5726,Obesity_Type_II
5727,Insufficient_Weight
5728,Obesity_Type_III
5729,Obesity_Type_II
5730,Obesity_Type_III
5731,Insufficient_Weight
5732,Obesity_Type_III
5733,Obesity_Type_I
5734,Insufficient_Weight
5735,Obesity_Type_I
5736,Obesity_Type_I
5737,Obesity_Type_III
5738,Overweight_Level_I
5739,Obesity_Type_II
5740,Obesity_Type_III
5741,Obesity_Type_II
5742,Obesity_Type_II
5743,Obesity_Type_III
5744,Obesity_Type_III
5745,Obesity_Type_II
5746,Obesity_Type_II
5747,Obesity_Type_III
5748,Overweight_Level_I
5749,Obesity_Type_III
5750,Obesity_Type_III
5751,Obesity_Type_II
5752,Overweight_Level_I
5753,Obesity_Type_III
5754,Obesity_Type_II
5755,Overweight_Level_I
5756,Obesity_Type_III
5757,Obesity_Type_III
5758,Obesity_Type_II
5759,Obesity_Type_II
5760,Obesity_Type_II
5761,Insufficient_Weight
5762,Insufficient_Weight
5763,Obesity_Type_II
5764,Obesity_Type_II
5765,Obesity_Type_III
5766,Overweight_Level_I
5767,Overweight_Level_I
5768,Normal_Weight
5769,Obesity_Type_III
5770,Obesity_Type_I
5771,Overweight_Level_I
5772,Obesity_Type_III
5773,Overweight_Level_I
5774,Obesity_Type_III
5775,Overweight_Level_I
5776,Normal_Weight
5777,Obesity_Type_I
5778,Obesity_Type_III
5779,Overweight_Level_I
5780,Overweight_Level_I
5781,Obesity_Type_II
5782,Obesity_Type_II
5783,Obesity_Type_I
5784,Overweight_Level_I
5785,Normal_Weight
5786,Overweight_Level_I
5787,Obesity_Type_II
5788,Obesity_Type_I
5789,Overweight_Level_I
5790,Obesity_Type_III
5791,Obesity_Type_II
5792,Obesity_Type_II
5793,Obesity_Type_II
5794,Obesity_Type_III
5795,Obesity_Type_III
5796,Obesity_Type_III
5797,Obesity_Type_III
5798,Obesity_Type_III
5799,Insufficient_Weight
5800,Overweight_Level_I
5801,Obesity_Type_III
5802,Obesity_Type_III
5803,Obesity_Type_III
5804,Obesity_Type_II
5805,Obesity_Type_II
5806,Normal_Weight
5807,Obesity_Type_III
5808,Obesity_Type_III
5809,Obesity_Type_III
5810,Insufficient_Weight
5811,Obesity_Type_I
5812,Obesity_Type_II
5813,Overweight_Level_I
5814,Overweight_Level_I
5815,Insufficient_Weight
5816,Obesity_Type_III
5817,Obesity_Type_I
5818,Insufficient_Weight
5819,Obesity_Type_III
5820,Obesity_Type_II
5821,Obesity_Type_I
5822,Obesity_Type_III
5823,Normal_Weight
5824,Obesity_Type_II
5825,Obesity_Type_III
5826,Obesity_Type_III
5827,Obesity_Type_III
5828,Obesity_Type_III
5829,Obesity_Type_III
5830,Normal_Weight
5831,Obesity_Type_II
5832,Obesity_Type_III
5833,Obesity_Type_III
5834,Obesity_Type_II
5835,Obesity_Type_II
5836,Obesity_Type_II
5837,Overweight_Level_I
5838,Obesity_Type_III
5839,Obesity_Type_II
5840,Obesity_Type_II
5841,Obesity_Type_II
5842,Insufficient_Weight
5843,Obesity_Type_III
5844,Obesity_Type_III
5845,Overweight_Level_I
5846,Insufficient_Weight
5847,Overweight_Level_I
5848,Insufficient_Weight
5849,Overweight_Level_I
5850,Obesity_Type_III
5851,Obesity_Type_II
5852,Normal_Weight
5853,Obesity_Type_II
5854,Normal_Weight
5855,Obesity_Type_III
5856,Obesity_Type_III
5857,Overweight_Level_I
5858,Overweight_Level_I
5859,Normal_Weight
5860,Obesity_Type_I
5861,Obesity_Type_II
5862,Insufficient_Weight
5863,Obesity_Type_III
5864,Obesity_Type_III
5865,Normal_Weight
5866,Obesity_Type_III
5867,Obesity_Type_III
5868,Overweight_Level_I
5869,Obesity_Type_III
5870,Obesity_Type_II
5871,Insufficient_Weight
5872,Obesity_Type_II
5873,Obesity_Type_III
5874,Insufficient_Weight
5875,Obesity_Type_III
5876,Obesity_Type_III
5877,Insufficient_Weight
5878,Insufficient_Weight
5879,Obesity_Type_III
5880,Obesity_Type_II
5881,Obesity_Type_III
5882,Obesity_Type_III
5883,Insufficient_Weight
5884,Obesity_Type_II
5885,Obesity_Type_II
5886,Insufficient_Weight
5887,Obesity_Type_II
5888,Overweight_Level_I
5889,Obesity_Type_II
5890,Obesity_Type_III
5891,Obesity_Type_II
5892,Obesity_Type_II
5893,Obesity_Type_III
5894,Obesity_Type_III
5895,Overweight_Level_I
5896,Obesity_Type_III
5897,Insufficient_Weight
5898,Obesity_Type_II
5899,Overweight_Level_I
5900,Obesity_Type_II
5901,Insufficient_Weight
5902,Obesity_Type_II
5903,Obesity_Type_II
5904,Obesity_Type_III
5905,Obesity_Type_II
5906,Obesity_Type_II
5907,Obesity_Type_III
5908,Obesity_Type_II
5909,Obesity_Type_III
5910,Overweight_Level_I
5911,Obesity_Type_II
5912,Overweight_Level_I
5913,Insufficient_Weight
5914,Normal_Weight
5915,Overweight_Level_I
5916,Obesity_Type_III
5917,Obesity_Type_III
5918,Obesity_Type_III
5919,Obesity_Type_II
5920,Obesity_Type_III
5921,Overweight_Level_I
5922,Obesity_Type_III
5923,Insufficient_Weight
5924,Obesity_Type_III
5925,Obesity_Type_II
5926,Obesity_Type_III
5927,Obesity_Type_III
5928,Obesity_Type_II
5929,Normal_Weight
5930,Insufficient_Weight
5931,Insufficient_Weight
5932,Obesity_Type_III
5933,Obesity_Type_II
5934,Overweight_Level_I
5935,Obesity_Type_II
5936,Normal_Weight
5937,Obesity_Type_III
5938,Obesity_Type_II
5939,Obesity_Type_II
5940,Obesity_Type_II
5941,Obesity_Type_III
5942,Obesity_Type_II
5943,Obesity_Type_II
5944,Obesity_Type_III
5945,Obesity_Type_III
5946,Normal_Weight
5947,Obesity_Type_II
5948,Obesity_Type_III
5949,Obesity_Type_III
5950,Obesity_Type_II
5951,Obesity_Type_II
5952,Insufficient_Weight
5953,Insufficient_Weight
5954,Normal_Weight
5955,Normal_Weight
5956,Obesity_Type_III
5957,Obesity_Type_III
5958,Obesity_Type_I
5959,Obesity_Type_I
5960,Obesity_Type_III
5961,Obesity_Type_II
5962,Obesity_Type_II
5963,Obesity_Type_II
5964,Overweight_Level_I
5965,Obesity_Type_III
5966,Obesity_Type_II
5967,Overweight_Level_I
5968,Obesity_Type_II
5969,Obesity_Type_II
5970,Obesity_Type_III
5971,Overweight_Level_I
5972,Overweight_Level_I
5973,Obesity_Type_III
5974,Obesity_Type_II
5975,Overweight_Level_I
5976,Insufficient_Weight
5977,Obesity_Type_III
5978,Insufficient_Weight
5979,Normal_Weight
5980,Obesity_Type_III
5981,Obesity_Type_II
5982,Obesity_Type_II
5983,Obesity_Type_II
5984,Obesity_Type_II
5985,Obesity_Type_II
5986,Obesity_Type_III
5987,Overweight_Level_I
5988,Obesity_Type_III
5989,Insufficient_Weight
5990,Insufficient_Weight
5991,Obesity_Type_II
5992,Obesity_Type_II
5993,Obesity_Type_II
5994,Obesity_Type_II
5995,Obesity_Type_II
5996,Obesity_Type_II
5997,Insufficient_Weight
5998,Obesity_Type_III
5999,Insufficient_Weight
6000,Overweight_Level_I
6001,Obesity_Type_III
6002,Insufficient_Weight
6003,Obesity_Type_II
6004,Obesity_Type_II
6005,Obesity_Type_II
6006,Obesity_Type_II
6007,Insufficient_Weight
6008,Obesity_Type_II
6009,Obesity_Type_II
6010,Obesity_Type_III
6011,Obesity_Type_III
6012,Obesity_Type_III
6013,Overweight_Level_I
6014,Overweight_Level_I
6015,Insufficient_Weight
6016,Obesity_Type_II
6017,Overweight_Level_I
6018,Obesity_Type_II
6019,Obesity_Type_II
6020,Obesity_Type_III
6021,Obesity_Type_III
6022,Obesity_Type_II
6023,Obesity_Type_II
6024,Obesity_Type_III
6025,Overweight_Level_I
6026,Obesity_Type_III
6027,Obesity_Type_III
6028,Overweight_Level_I
6029,Obesity_Type_II
6030,Obesity_Type_III
6031,Obesity_Type_II
6032,Insufficient_Weight
6033,Overweight_Level_I
6034,Overweight_Level_I
6035,Obesity_Type_III
6036,Obesity_Type_I
6037,Insufficient_Weight
6038,Overweight_Level_I
6039,Obesity_Type_III
6040,Obesity_Type_II
6041,Normal_Weight
6042,Overweight_Level_I
6043,Insufficient_Weight
6044,Obesity_Type_III
6045,Obesity_Type_III
6046,Normal_Weight
6047,Obesity_Type_III
6048,Obesity_Type_II
6049,Obesity_Type_II
6050,Insufficient_Weight
6051,Normal_Weight
6052,Normal_Weight
6053,Obesity_Type_III
6054,Normal_Weight
6055,Obesity_Type_III
6056,Obesity_Type_III
6057,Obesity_Type_II
6058,Obesity_Type_II
6059,Obesity_Type_II
6060,Normal_Weight
6061,Obesity_Type_II
6062,Obesity_Type_II
6063,Normal_Weight
6064,Obesity_Type_II
6065,Obesity_Type_II
6066,Obesity_Type_I
6067,Obesity_Type_III
6068,Overweight_Level_I
6069,Obesity_Type_II
6070,Obesity_Type_III
6071,Normal_Weight
6072,Obesity_Type_III
6073,Overweight_Level_I
6074,Obesity_Type_II
6075,Obesity_Type_II
6076,Obesity_Type_I
6077,Obesity_Type_II
6078,Obesity_Type_II
6079,Obesity_Type_II
6080,Obesity_Type_III
6081,Obesity_Type_III
6082,Obesity_Type_III
6083,Insufficient_Weight
6084,Overweight_Level_I
6085,Insufficient_Weight
6086,Normal_Weight
6087,Obesity_Type_II
6088,Obesity_Type_III
6089,Obesity_Type_II
6090,Obesity_Type_III
6091,Obesity_Type_II
6092,Insufficient_Weight
6093,Obesity_Type_II
6094,Insufficient_Weight
6095,Obesity_Type_III
6096,Obesity_Type_III
6097,Obesity_Type_II
6098,Insufficient_Weight
6099,Obesity_Type_II
6100,Obesity_Type_II
6101,Normal_Weight
6102,Insufficient_Weight
6103,Obesity_Type_II
6104,Obesity_Type_III
6105,Insufficient_Weight
6106,Obesity_Type_III
6107,Insufficient_Weight
6108,Obesity_Type_II
6109,Obesity_Type_II
6110,Obesity_Type_II
6111,Obesity_Type_III
6112,Obesity_Type_III
6113,Obesity_Type_II
6114,Obesity_Type_III
6115,Normal_Weight
6116,Obesity_Type_III
6117,Obesity_Type_II
6118,Obesity_Type_III
6119,Obesity_Type_III
6120,Obesity_Type_III
6121,Obesity_Type_III
6122,Obesity_Type_II
6123,Obesity_Type_II
6124,Obesity_Type_II
6125,Normal_Weight
6126,Insufficient_Weight
6127,Overweight_Level_I
6128,Normal_Weight
6129,Insufficient_Weight
6130,Overweight_Level_I
6131,Obesity_Type_I
6132,Overweight_Level_I
6133,Obesity_Type_II
6134,Obesity_Type_II
6135,Insufficient_Weight
6136,Insufficient_Weight
6137,Obesity_Type_III
6138,Insufficient_Weight
6139,Obesity_Type_II
6140,Obesity_Type_II
6141,Insufficient_Weight
6142,Obesity_Type_II
6143,Obesity_Type_II
6144,Insufficient_Weight
6145,Insufficient_Weight
6146,Insufficient_Weight
6147,Normal_Weight
6148,Overweight_Level_I
6149,Obesity_Type_III
6150,Normal_Weight
6151,Insufficient_Weight
6152,Obesity_Type_III
6153,Obesity_Type_II
6154,Obesity_Type_II
6155,Obesity_Type_II
6156,Obesity_Type_II
6157,Obesity_Type_II
6158,Insufficient_Weight
6159,Overweight_Level_I
6160,Obesity_Type_II
6161,Overweight_Level_I
6162,Obesity_Type_III
6163,Obesity_Type_III
6164,Overweight_Level_I
6165,Overweight_Level_I
6166,Overweight_Level_I
6167,Obesity_Type_III
6168,Obesity_Type_III
6169,Obesity_Type_III
6170,Obesity_Type_II
6171,Insufficient_Weight
6172,Obesity_Type_I
6173,Insufficient_Weight
6174,Insufficient_Weight
6175,Obesity_Type_III
6176,Obesity_Type_II
6177,Obesity_Type_II
6178,Overweight_Level_I
6179,Obesity_Type_I
6180,Normal_Weight
6181,Overweight_Level_I
6182,Obesity_Type_II
6183,Obesity_Type_II
6184,Obesity_Type_III
6185,Obesity_Type_II
6186,Obesity_Type_III
6187,Overweight_Level_I
6188,Obesity_Type_III
6189,Obesity_Type_II
6190,Obesity_Type_III
6191,Insufficient_Weight
6192,Obesity_Type_III
6193,Obesity_Type_II
6194,Overweight_Level_I
6195,Obesity_Type_III
6196,Obesity_Type_III
6197,Insufficient_Weight
6198,Obesity_Type_II
6199,Insufficient_Weight
6200,Obesity_Type_II
6201,Obesity_Type_III
6202,Insufficient_Weight
6203,Insufficient_Weight
6204,Obesity_Type_II
6205,Insufficient_Weight
6206,Obesity_Type_II
6207,Obesity_Type_II
6208,Obesity_Type_III
6209,Overweight_Level_I
6210,Normal_Weight
6211,Obesity_Type_III
6212,Obesity_Type_II
6213,Obesity_Type_II
6214,Insufficient_Weight
6215,Obesity_Type_III
6216,Obesity_Type_I
6217,Obesity_Type_III
6218,Obesity_Type_II
6219,Overweight_Level_I
6220,Obesity_Type_III
6221,Obesity_Type_III
6222,Insufficient_Weight
6223,Obesity_Type_III
6224,Obesity_Type_I
6225,Obesity_Type_II
6226,Obesity_Type_II
6227,Overweight_Level_I
6228,Insufficient_Weight
6229,Obesity_Type_III
6230,Obesity_Type_III
6231,Overweight_Level_I
6232,Obesity_Type_I
6233,Overweight_Level_I
6234,Obesity_Type_II
6235,Insufficient_Weight
6236,Insufficient_Weight
6237,Obesity_Type_III
6238,Obesity_Type_III
6239,Normal_Weight
6240,Obesity_Type_II
6241,Normal_Weight
6242,Obesity_Type_III
6243,Obesity_Type_II
6244,Obesity_Type_III
6245,Obesity_Type_I
6246,Obesity_Type_II
6247,Obesity_Type_III
6248,Obesity_Type_III
6249,Overweight_Level_I
6250,Obesity_Type_II
6251,Obesity_Type_II
6252,Obesity_Type_II
6253,Obesity_Type_III
6254,Normal_Weight
6255,Obesity_Type_III
6256,Obesity_Type_II
6257,Obesity_Type_I
6258,Obesity_Type_II
6259,Obesity_Type_III
6260,Obesity_Type_III
6261,Overweight_Level_I
6262,Obesity_Type_II
6263,Obesity_Type_II
6264,Obesity_Type_II
6265,Insufficient_Weight
6266,Overweight_Level_I
6267,Overweight_Level_I
6268,Obesity_Type_III
6269,Obesity_Type_I
6270,Obesity_Type_II
6271,Insufficient_Weight
6272,Overweight_Level_I
6273,Obesity_Type_II
6274,Obesity_Type_III
6275,Obesity_Type_II
6276,Obesity_Type_II
6277,Overweight_Level_I
6278,Obesity_Type_II
6279,Normal_Weight
6280,Insufficient_Weight
6281,Insufficient_Weight
6282,Insufficient_Weight
6283,Obesity_Type_I
6284,Obesity_Type_III
6285,Insufficient_Weight
6286,Obesity_Type_II
6287,Obesity_Type_III
6288,Obesity_Type_III
6289,Overweight_Level_I
6290,Overweight_Level_I
6291,Obesity_Type_II
6292,Insufficient_Weight
6293,Overweight_Level_I
6294,Obesity_Type_II
6295,Obesity_Type_III
6296,Obesity_Type_III
6297,Obesity_Type_I
6298,Obesity_Type_I
6299,Obesity_Type_I
6300,Obesity_Type_III
6301,Normal_Weight
6302,Overweight_Level_I
6303,Obesity_Type_III
6304,Obesity_Type_I
6305,Obesity_Type_III
6306,Overweight_Level_I
6307,Obesity_Type_III
6308,Insufficient_Weight
6309,Overweight_Level_I
6310,Obesity_Type_III
6311,Normal_Weight
6312,Overweight_Level_I
6313,Normal_Weight
6314,Obesity_Type_II
6315,Obesity_Type_III
6316,Overweight_Level_I
6317,Obesity_Type_III
6318,Obesity_Type_II
6319,Obesity_Type_III
6320,Obesity_Type_II
6321,Obesity_Type_II
6322,Overweight_Level_I
6323,Obesity_Type_I
6324,Obesity_Type_II
6325,Obesity_Type_II
6326,Obesity_Type_II
6327,Insufficient_Weight
6328,Obesity_Type_II
6329,Overweight_Level_I
6330,Obesity_Type_II
6331,Obesity_Type_II
6332,Normal_Weight
6333,Normal_Weight
6334,Obesity_Type_III
6335,Obesity_Type_III
6336,Obesity_Type_I
6337,Obesity_Type_II
6338,Obesity_Type_II
6339,Obesity_Type_III
6340,Insufficient_Weight
6341,Obesity_Type_III
6342,Overweight_Level_I
6343,Obesity_Type_II
6344,Obesity_Type_II
6345,Obesity_Type_III
6346,Obesity_Type_III
6347,Normal_Weight
6348,Obesity_Type_II
6349,Obesity_Type_III
6350,Obesity_Type_II
6351,Normal_Weight
6352,Insufficient_Weight
6353,Overweight_Level_I
6354,Obesity_Type_II
6355,Obesity_Type_I
6356,Obesity_Type_II
6357,Obesity_Type_III
6358,Obesity_Type_II
6359,Obesity_Type_II
6360,Normal_Weight
6361,Obesity_Type_II
6362,Obesity_Type_II
6363,Obesity_Type_III
6364,Overweight_Level_I
6365,Obesity_Type_II
6366,Obesity_Type_III
6367,Overweight_Level_I
6368,Obesity_Type_III
6369,Insufficient_Weight
6370,Insufficient_Weight
6371,Obesity_Type_III
6372,Obesity_Type_II
6373,Obesity_Type_III
6374,Obesity_Type_III
6375,Overweight_Level_I
6376,Overweight_Level_I
6377,Obesity_Type_II
6378,Insufficient_Weight
6379,Normal_Weight
6380,Obesity_Type_II
6381,Obesity_Type_III
6382,Obesity_Type_I
6383,Obesity_Type_I
6384,Obesity_Type_II
6385,Insufficient_Weight
6386,Obesity_Type_III
6387,Obesity_Type_II
6388,Overweight_Level_I
6389,Obesity_Type_II
6390,Insufficient_Weight
6391,Obesity_Type_II
6392,Obesity_Type_II
6393,Obesity_Type_III
6394,Obesity_Type_III
6395,Insufficient_Weight
6396,Obesity_Type_I
6397,Obesity_Type_II
6398,Obesity_Type_III
6399,Obesity_Type_II
6400,Obesity_Type_II
6401,Normal_Weight
6402,Obesity_Type_III
6403,Overweight_Level_I
6404,Obesity_Type_II
6405,Obesity_Type_III
6406,Obesity_Type_II
6407,Insufficient_Weight
6408,Obesity_Type_III
6409,Obesity_Type_I
6410,Obesity_Type_III
6411,Obesity_Type_II
6412,Overweight_Level_I
6413,Obesity_Type_III
6414,Overweight_Level_I
6415,Insufficient_Weight
6416,Obesity_Type_I
6417,Obesity_Type_III
6418,Obesity_Type_III
6419,Insufficient_Weight
6420,Overweight_Level_I
6421,Overweight_Level_I
6422,Obesity_Type_I
6423,Overweight_Level_I
6424,Obesity_Type_II
6425,Obesity_Type_II
6426,Obesity_Type_III
6427,Obesity_Type_I
6428,Obesity_Type_II
6429,Obesity_Type_II
6430,Insufficient_Weight
6431,Insufficient_Weight
6432,Obesity_Type_II
6433,Insufficient_Weight
6434,Obesity_Type_III
6435,Obesity_Type_I
6436,Obesity_Type_III
6437,Obesity_Type_III
6438,Obesity_Type_III
6439,Overweight_Level_I
6440,Obesity_Type_III
6441,Overweight_Level_I
6442,Obesity_Type_II
6443,Obesity_Type_III
6444,Obesity_Type_III
6445,Insufficient_Weight
6446,Obesity_Type_III
6447,Obesity_Type_III
6448,Obesity_Type_II
6449,Normal_Weight
6450,Insufficient_Weight
6451,Obesity_Type_II
6452,Insufficient_Weight
6453,Obesity_Type_III
6454,Obesity_Type_II
6455,Insufficient_Weight
6456,Insufficient_Weight
6457,Insufficient_Weight
6458,Obesity_Type_II
6459,Insufficient_Weight
6460,Obesity_Type_II
6461,Obesity_Type_III
6462,Obesity_Type_III
6463,Overweight_Level_I
6464,Obesity_Type_II
6465,Obesity_Type_II
6466,Obesity_Type_III
6467,Overweight_Level_I
6468,Insufficient_Weight
6469,Insufficient_Weight
6470,Obesity_Type_II
6471,Obesity_Type_II
6472,Normal_Weight
6473,Obesity_Type_III
6474,Obesity_Type_II
6475,Obesity_Type_II
6476,Obesity_Type_I
6477,Insufficient_Weight
6478,Obesity_Type_III
6479,Obesity_Type_II
6480,Obesity_Type_III
6481,Obesity_Type_II
6482,Obesity_Type_III
6483,Obesity_Type_II
6484,Obesity_Type_II
6485,Obesity_Type_III
6486,Overweight_Level_I
6487,Obesity_Type_II
6488,Insufficient_Weight
6489,Obesity_Type_II
6490,Obesity_Type_II
6491,Normal_Weight
6492,Obesity_Type_III
6493,Obesity_Type_III
6494,Overweight_Level_I
6495,Normal_Weight
6496,Obesity_Type_III
6497,Obesity_Type_II
6498,Insufficient_Weight
6499,Obesity_Type_II
6500,Obesity_Type_II
6501,Obesity_Type_III
6502,Obesity_Type_III
6503,Normal_Weight
6504,Obesity_Type_III
6505,Insufficient_Weight
6506,Obesity_Type_II
6507,Obesity_Type_III
6508,Obesity_Type_II
6509,Obesity_Type_III
6510,Obesity_Type_II
6511,Insufficient_Weight
6512,Overweight_Level_I
6513,Obesity_Type_II
6514,Insufficient_Weight
6515,Insufficient_Weight
6516,Obesity_Type_I
6517,Obesity_Type_II
6518,Overweight_Level_I
6519,Obesity_Type_III
6520,Obesity_Type_II
6521,Obesity_Type_II
6522,Obesity_Type_III
6523,Obesity_Type_III
6524,Obesity_Type_III
6525,Obesity_Type_III
6526,Insufficient_Weight
6527,Obesity_Type_III
6528,Normal_Weight
6529,Obesity_Type_II
6530,Overweight_Level_I
6531,Overweight_Level_I
6532,Obesity_Type_III
6533,Obesity_Type_I
6534,Obesity_Type_II
6535,Obesity_Type_II
6536,Normal_Weight
6537,Obesity_Type_III
6538,Obesity_Type_III
6539,Obesity_Type_III
6540,Obesity_Type_III
6541,Obesity_Type_II
6542,Insufficient_Weight
6543,Obesity_Type_I
6544,Obesity_Type_II
6545,Overweight_Level_I
6546,Obesity_Type_II
6547,Obesity_Type_I
6548,Obesity_Type_III
6549,Insufficient_Weight
6550,Obesity_Type_III
6551,Normal_Weight
6552,Obesity_Type_II
6553,Obesity_Type_II
6554,Obesity_Type_II
6555,Insufficient_Weight
6556,Obesity_Type_I
6557,Obesity_Type_I
6558,Obesity_Type_II
6559,Obesity_Type_II
6560,Obesity_Type_III
6561,Overweight_Level_I
6562,Obesity_Type_III
6563,Obesity_Type_III
6564,Obesity_Type_III
6565,Obesity_Type_III
6566,Obesity_Type_II
6567,Obesity_Type_II
6568,Insufficient_Weight
6569,Insufficient_Weight
6570,Obesity_Type_III
6571,Overweight_Level_I
6572,Normal_Weight
6573,Obesity_Type_II
6574,Overweight_Level_I
6575,Obesity_Type_II
6576,Normal_Weight
6577,Obesity_Type_III
6578,Obesity_Type_III
6579,Obesity_Type_I
6580,Obesity_Type_II
6581,Normal_Weight
6582,Insufficient_Weight
6583,Obesity_Type_II
6584,Obesity_Type_I
6585,Obesity_Type_II
6586,Obesity_Type_III
6587,Overweight_Level_I
6588,Overweight_Level_I
6589,Normal_Weight
6590,Obesity_Type_III
6591,Insufficient_Weight
6592,Obesity_Type_III
6593,Overweight_Level_I
6594,Insufficient_Weight
6595,Insufficient_Weight
6596,Obesity_Type_II
6597,Overweight_Level_I
6598,Obesity_Type_II
6599,Normal_Weight
6600,Insufficient_Weight
6601,Obesity_Type_II
6602,Obesity_Type_II
6603,Obesity_Type_III
6604,Overweight_Level_I
6605,Obesity_Type_III
6606,Obesity_Type_III
6607,Obesity_Type_III
6608,Overweight_Level_I
6609,Overweight_Level_I
6610,Obesity_Type_III
6611,Obesity_Type_III
6612,Obesity_Type_II
6613,Obesity_Type_II
6614,Normal_Weight
6615,Obesity_Type_II
6616,Obesity_Type_II
6617,Obesity_Type_II
6618,Normal_Weight
6619,Insufficient_Weight
6620,Obesity_Type_II
6621,Obesity_Type_II
6622,Obesity_Type_III
6623,Obesity_Type_II
6624,Insufficient_Weight
6625,Overweight_Level_I
6626,Obesity_Type_III
6627,Obesity_Type_II
6628,Obesity_Type_III
6629,Obesity_Type_III
6630,Insufficient_Weight
6631,Obesity_Type_II
6632,Obesity_Type_II
6633,Overweight_Level_I
6634,Obesity_Type_III
6635,Overweight_Level_II
6636,Obesity_Type_III
6637,Overweight_Level_I
6638,Normal_Weight
6639,Overweight_Level_I
6640,Insufficient_Weight
6641,Obesity_Type_III
6642,Obesity_Type_III
6643,Obesity_Type_I
6644,Obesity_Type_II
6645,Obesity_Type_III
6646,Obesity_Type_III
6647,Obesity_Type_II
6648,Obesity_Type_II
6649,Overweight_Level_I
6650,Overweight_Level_I
6651,Normal_Weight
6652,Obesity_Type_III
6653,Obesity_Type_II
6654,Obesity_Type_II
6655,Overweight_Level_I
6656,Obesity_Type_II
6657,Normal_Weight
6658,Obesity_Type_I
6659,Obesity_Type_III
6660,Obesity_Type_III
6661,Obesity_Type_II
6662,Overweight_Level_I
6663,Obesity_Type_II
6664,Obesity_Type_II
6665,Overweight_Level_I
6666,Normal_Weight
6667,Overweight_Level_I
6668,Normal_Weight
6669,Overweight_Level_I
6670,Obesity_Type_II
6671,Obesity_Type_II
6672,Overweight_Level_I
6673,Obesity_Type_II
6674,Normal_Weight
6675,Normal_Weight
6676,Obesity_Type_II
6677,Overweight_Level_I
6678,Obesity_Type_III
6679,Obesity_Type_II
6680,Obesity_Type_II
6681,Obesity_Type_II
6682,Obesity_Type_II
6683,Overweight_Level_I
6684,Insufficient_Weight
6685,Obesity_Type_I
6686,Normal_Weight
6687,Obesity_Type_II
6688,Normal_Weight
6689,Obesity_Type_II
6690,Obesity_Type_II
6691,Obesity_Type_I
6692,Obesity_Type_II
6693,Obesity_Type_II
6694,Obesity_Type_II
6695,Obesity_Type_II
6696,Obesity_Type_III
6697,Overweight_Level_I
6698,Obesity_Type_II
6699,Obesity_Type_II
6700,Obesity_Type_II
6701,Normal_Weight
6702,Obesity_Type_II
6703,Obesity_Type_II
6704,Obesity_Type_III
6705,Insufficient_Weight
6706,Obesity_Type_III
6707,Obesity_Type_III
6708,Insufficient_Weight
6709,Obesity_Type_III
6710,Obesity_Type_III
6711,Obesity_Type_III
6712,Normal_Weight
6713,Obesity_Type_II
6714,Obesity_Type_III
6715,Obesity_Type_II
6716,Obesity_Type_II
6717,Obesity_Type_III
6718,Obesity_Type_III
6719,Insufficient_Weight
6720,Normal_Weight
6721,Obesity_Type_III
6722,Normal_Weight
6723,Overweight_Level_I
6724,Obesity_Type_III
6725,Obesity_Type_I
6726,Normal_Weight
6727,Obesity_Type_II
6728,Obesity_Type_I
6729,Normal_Weight
6730,Obesity_Type_II
6731,Insufficient_Weight
6732,Overweight_Level_I
6733,Obesity_Type_III
6734,Insufficient_Weight
6735,Overweight_Level_I
6736,Overweight_Level_I
6737,Overweight_Level_I
6738,Overweight_Level_I
6739,Obesity_Type_III
6740,Obesity_Type_II
6741,Obesity_Type_III
6742,Overweight_Level_I
6743,Overweight_Level_I
6744,Obesity_Type_II
6745,Obesity_Type_III
6746,Overweight_Level_I
6747,Obesity_Type_II
6748,Obesity_Type_II
6749,Obesity_Type_III
6750,Obesity_Type_II
6751,Insufficient_Weight
6752,Obesity_Type_III
6753,Obesity_Type_II
6754,Obesity_Type_II
6755,Obesity_Type_II
6756,Obesity_Type_III
6757,Obesity_Type_III
6758,Obesity_Type_III
6759,Overweight_Level_I
6760,Normal_Weight
6761,Obesity_Type_III
6762,Obesity_Type_II
6763,Normal_Weight
6764,Overweight_Level_I
6765,Obesity_Type_II
6766,Normal_Weight
6767,Obesity_Type_III
6768,Obesity_Type_III
6769,Obesity_Type_III
6770,Obesity_Type_II
6771,Obesity_Type_II
6772,Obesity_Type_III
6773,Obesity_Type_II
6774,Overweight_Level_I
6775,Insufficient_Weight
6776,Obesity_Type_II
6777,Obesity_Type_II
6778,Obesity_Type_III
6779,Obesity_Type_II
6780,Obesity_Type_II
6781,Obesity_Type_III
6782,Obesity_Type_III
6783,Obesity_Type_II
6784,Insufficient_Weight
6785,Normal_Weight
6786,Overweight_Level_I
6787,Obesity_Type_II
6788,Obesity_Type_III
6789,Obesity_Type_II
6790,Obesity_Type_III
6791,Obesity_Type_I
6792,Obesity_Type_II
6793,Obesity_Type_II
6794,Obesity_Type_II
6795,Obesity_Type_III
6796,Obesity_Type_III
6797,Normal_Weight
6798,Obesity_Type_III
6799,Obesity_Type_III
6800,Obesity_Type_II
6801,Obesity_Type_II
6802,Obesity_Type_III
6803,Normal_Weight
6804,Obesity_Type_II
6805,Obesity_Type_III
6806,Normal_Weight
6807,Obesity_Type_II
6808,Obesity_Type_III
6809,Obesity_Type_III
6810,Normal_Weight
6811,Obesity_Type_II
6812,Obesity_Type_II
6813,Obesity_Type_III
6814,Obesity_Type_III
6815,Obesity_Type_II
6816,Obesity_Type_II
6817,Obesity_Type_III
6818,Obesity_Type_II
6819,Obesity_Type_III
6820,Overweight_Level_I
6821,Obesity_Type_II
6822,Overweight_Level_I
6823,Overweight_Level_I
6824,Overweight_Level_I
6825,Obesity_Type_III
6826,Obesity_Type_II
6827,Overweight_Level_I
6828,Overweight_Level_I
6829,Obesity_Type_III
6830,Obesity_Type_III
6831,Insufficient_Weight
6832,Obesity_Type_III
6833,Normal_Weight
6834,Overweight_Level_I
6835,Insufficient_Weight
6836,Obesity_Type_II
6837,Obesity_Type_III
6838,Normal_Weight
6839,Obesity_Type_III
6840,Obesity_Type_II
6841,Normal_Weight
6842,Overweight_Level_I
6843,Obesity_Type_I
6844,Obesity_Type_III
6845,Obesity_Type_II
6846,Overweight_Level_I
6847,Obesity_Type_III
6848,Obesity_Type_III
6849,Obesity_Type_III
6850,Overweight_Level_I
6851,Overweight_Level_I
6852,Insufficient_Weight
6853,Obesity_Type_II
6854,Obesity_Type_III
6855,Overweight_Level_I
6856,Obesity_Type_III
6857,Obesity_Type_II
6858,Obesity_Type_III
6859,Obesity_Type_II
6860,Obesity_Type_III
6861,Obesity_Type_III
6862,Obesity_Type_III
6863,Obesity_Type_III
6864,Obesity_Type_II
6865,Obesity_Type_III
6866,Obesity_Type_III
6867,Obesity_Type_II
6868,Obesity_Type_III
6869,Obesity_Type_II
6870,Obesity_Type_III
6871,Obesity_Type_III
6872,Obesity_Type_I
6873,Obesity_Type_II
6874,Obesity_Type_III
6875,Obesity_Type_II
6876,Obesity_Type_II
6877,Obesity_Type_III
6878,Obesity_Type_II
6879,Obesity_Type_II
6880,Insufficient_Weight
6881,Insufficient_Weight
6882,Obesity_Type_II
6883,Overweight_Level_I
6884,Overweight_Level_I
6885,Obesity_Type_III
6886,Insufficient_Weight
6887,Insufficient_Weight
6888,Overweight_Level_I
6889,Obesity_Type_II
6890,Obesity_Type_I
6891,Insufficient_Weight
6892,Insufficient_Weight
6893,Normal_Weight
6894,Insufficient_Weight
6895,Obesity_Type_III
6896,Obesity_Type_III
6897,Obesity_Type_II
6898,Obesity_Type_III
6899,Obesity_Type_III
6900,Insufficient_Weight
6901,Overweight_Level_I
6902,Obesity_Type_II
6903,Obesity_Type_II
6904,Overweight_Level_I
6905,Obesity_Type_III
6906,Obesity_Type_III
6907,Normal_Weight
6908,Obesity_Type_II
6909,Overweight_Level_I
6910,Normal_Weight
6911,Obesity_Type_II
6912,Normal_Weight
6913,Overweight_Level_I
6914,Insufficient_Weight
6915,Obesity_Type_II
6916,Overweight_Level_I
6917,Obesity_Type_III
6918,Obesity_Type_III
6919,Normal_Weight
6920,Obesity_Type_II
6921,Obesity_Type_III
6922,Obesity_Type_II
6923,Obesity_Type_III
6924,Obesity_Type_II
6925,Insufficient_Weight
6926,Obesity_Type_III
6927,Obesity_Type_III
6928,Obesity_Type_II
6929,Obesity_Type_II
6930,Obesity_Type_II
6931,Obesity_Type_II
6932,Obesity_Type_II
6933,Obesity_Type_II
6934,Normal_Weight
6935,Insufficient_Weight
6936,Obesity_Type_II
6937,Overweight_Level_I
6938,Obesity_Type_II
6939,Overweight_Level_I
6940,Overweight_Level_I
6941,Obesity_Type_III
6942,Normal_Weight
6943,Obesity_Type_III
6944,Obesity_Type_III
6945,Insufficient_Weight
6946,Overweight_Level_I
6947,Obesity_Type_III
6948,Obesity_Type_III
6949,Obesity_Type_II
6950,Obesity_Type_III
6951,Obesity_Type_II
6952,Obesity_Type_II
6953,Insufficient_Weight
6954,Overweight_Level_I
6955,Obesity_Type_III
6956,Overweight_Level_I
6957,Insufficient_Weight
6958,Obesity_Type_III
6959,Insufficient_Weight
6960,Obesity_Type_III
6961,Obesity_Type_II
6962,Obesity_Type_III
6963,Normal_Weight
6964,Obesity_Type_III
6965,Obesity_Type_II
6966,Overweight_Level_I
6967,Obesity_Type_II
6968,Obesity_Type_III
6969,Normal_Weight
6970,Obesity_Type_III
6971,Obesity_Type_III
6972,Obesity_Type_II
6973,Obesity_Type_II
6974,Obesity_Type_III
6975,Insufficient_Weight
6976,Obesity_Type_II
6977,Obesity_Type_III
6978,Obesity_Type_III
6979,Obesity_Type_II
6980,Obesity_Type_II
6981,Overweight_Level_I
6982,Obesity_Type_III
6983,Obesity_Type_III
6984,Obesity_Type_II
6985,Normal_Weight
6986,Obesity_Type_III
6987,Obesity_Type_III
6988,Obesity_Type_III
6989,Obesity_Type_III
6990,Obesity_Type_II
6991,Obesity_Type_III
6992,Obesity_Type_II
6993,Obesity_Type_II
6994,Obesity_Type_II
6995,Overweight_Level_I
6996,Obesity_Type_III
6997,Insufficient_Weight
6998,Obesity_Type_II
6999,Obesity_Type_II
7000,Overweight_Level_I
7001,Obesity_Type_III
7002,Obesity_Type_III
7003,Obesity_Type_I
7004,Obesity_Type_III
7005,Obesity_Type_III
7006,Obesity_Type_II
7007,Normal_Weight
7008,Obesity_Type_II
7009,Insufficient_Weight
7010,Obesity_Type_II
7011,Obesity_Type_II
7012,Normal_Weight
7013,Obesity_Type_II
7014,Obesity_Type_III
7015,Obesity_Type_III
7016,Obesity_Type_III
7017,Overweight_Level_I
7018,Normal_Weight
7019,Obesity_Type_II
7020,Insufficient_Weight
7021,Overweight_Level_I
7022,Obesity_Type_II
7023,Normal_Weight
7024,Obesity_Type_III
7025,Obesity_Type_II
7026,Obesity_Type_III
7027,Obesity_Type_III
7028,Insufficient_Weight
7029,Overweight_Level_I
7030,Insufficient_Weight
7031,Obesity_Type_II
7032,Obesity_Type_II
7033,Obesity_Type_II
7034,Obesity_Type_II
7035,Obesity_Type_III
7036,Obesity_Type_II
7037,Overweight_Level_I
7038,Obesity_Type_III
7039,Overweight_Level_I
7040,Normal_Weight
7041,Obesity_Type_II
7042,Obesity_Type_III
7043,Overweight_Level_I
7044,Obesity_Type_I
7045,Insufficient_Weight
7046,Obesity_Type_II
7047,Obesity_Type_II
7048,Insufficient_Weight
7049,Insufficient_Weight
7050,Overweight_Level_I
7051,Obesity_Type_III
7052,Overweight_Level_I
7053,Obesity_Type_III
7054,Overweight_Level_I
7055,Obesity_Type_III
7056,Overweight_Level_I
7057,Obesity_Type_III
7058,Obesity_Type_II
7059,Obesity_Type_III
7060,Obesity_Type_II
7061,Obesity_Type_III
7062,Obesity_Type_III
7063,Overweight_Level_I
7064,Obesity_Type_II
7065,Overweight_Level_I
7066,Obesity_Type_III
7067,Obesity_Type_II
7068,Obesity_Type_I
7069,Insufficient_Weight
7070,Obesity_Type_III
7071,Obesity_Type_I
7072,Insufficient_Weight
7073,Obesity_Type_III
7074,Obesity_Type_II
7075,Obesity_Type_II
7076,Obesity_Type_III
7077,Obesity_Type_III
7078,Obesity_Type_II
7079,Normal_Weight
7080,Obesity_Type_II
7081,Normal_Weight
7082,Obesity_Type_III
7083,Insufficient_Weight
7084,Obesity_Type_III
7085,Insufficient_Weight
7086,Normal_Weight
7087,Obesity_Type_II
7088,Overweight_Level_I
7089,Obesity_Type_II
7090,Obesity_Type_II
7091,Overweight_Level_I
7092,Obesity_Type_III
7093,Insufficient_Weight
7094,Insufficient_Weight
7095,Obesity_Type_III
7096,Normal_Weight
7097,Obesity_Type_III
7098,Obesity_Type_III
7099,Obesity_Type_III
7100,Obesity_Type_II
7101,Obesity_Type_III
7102,Obesity_Type_III
7103,Obesity_Type_III
7104,Obesity_Type_I
7105,Overweight_Level_I
7106,Obesity_Type_III
7107,Obesity_Type_II
7108,Obesity_Type_II
7109,Obesity_Type_II
7110,Insufficient_Weight
7111,Obesity_Type_II
7112,Overweight_Level_I
7113,Obesity_Type_III
7114,Obesity_Type_III
7115,Obesity_Type_II
7116,Obesity_Type_III
7117,Insufficient_Weight
7118,Obesity_Type_II
7119,Obesity_Type_III
7120,Obesity_Type_III
7121,Obesity_Type_III
7122,Overweight_Level_I
7123,Obesity_Type_III
7124,Obesity_Type_III
7125,Overweight_Level_I
7126,Obesity_Type_III
7127,Overweight_Level_I
7128,Obesity_Type_II
7129,Obesity_Type_III
7130,Obesity_Type_III
7131,Overweight_Level_I
7132,Obesity_Type_III
7133,Obesity_Type_II
7134,Insufficient_Weight
7135,Obesity_Type_I
7136,Obesity_Type_III
7137,Obesity_Type_III
7138,Obesity_Type_II
7139,Obesity_Type_III
7140,Obesity_Type_II
7141,Obesity_Type_III
7142,Obesity_Type_III
7143,Obesity_Type_III
7144,Obesity_Type_III
7145,Overweight_Level_II
7146,Normal_Weight
7147,Insufficient_Weight
7148,Obesity_Type_III
7149,Overweight_Level_I
7150,Obesity_Type_III
7151,Insufficient_Weight
7152,Obesity_Type_III
7153,Insufficient_Weight
7154,Obesity_Type_III
7155,Obesity_Type_II
7156,Obesity_Type_II
7157,Obesity_Type_II
7158,Insufficient_Weight
7159,Obesity_Type_III
7160,Obesity_Type_II
7161,Obesity_Type_II
7162,Obesity_Type_II
7163,Obesity_Type_II
7164,Normal_Weight
7165,Obesity_Type_III
7166,Overweight_Level_I
7167,Insufficient_Weight
7168,Overweight_Level_I
7169,Normal_Weight
7170,Overweight_Level_I
7171,Obesity_Type_III
7172,Obesity_Type_II
7173,Obesity_Type_III
7174,Overweight_Level_I
7175,Obesity_Type_III
7176,Obesity_Type_III
7177,Obesity_Type_I
7178,Obesity_Type_I
7179,Obesity_Type_III
7180,Normal_Weight
7181,Obesity_Type_II
7182,Obesity_Type_III
7183,Normal_Weight
7184,Insufficient_Weight
7185,Obesity_Type_II
7186,Obesity_Type_II
7187,Obesity_Type_III
7188,Obesity_Type_II
7189,Obesity_Type_II
7190,Obesity_Type_III
7191,Obesity_Type_III
7192,Obesity_Type_III
7193,Insufficient_Weight
7194,Obesity_Type_III
7195,Obesity_Type_II
7196,Obesity_Type_I
7197,Obesity_Type_II
7198,Overweight_Level_I
7199,Obesity_Type_III
7200,Obesity_Type_II
7201,Insufficient_Weight
7202,Obesity_Type_III
7203,Obesity_Type_II
7204,Obesity_Type_II
7205,Normal_Weight
7206,Obesity_Type_II
7207,Obesity_Type_II
7208,Overweight_Level_I
7209,Insufficient_Weight
7210,Normal_Weight
7211,Obesity_Type_II
7212,Normal_Weight
7213,Obesity_Type_III
7214,Obesity_Type_III
7215,Obesity_Type_II
7216,Obesity_Type_III
7217,Obesity_Type_II
7218,Obesity_Type_II
7219,Normal_Weight
7220,Overweight_Level_I
7221,Insufficient_Weight
7222,Overweight_Level_I
7223,Insufficient_Weight
7224,Obesity_Type_III
7225,Obesity_Type_I
7226,Obesity_Type_III
7227,Obesity_Type_II
7228,Obesity_Type_III
7229,Insufficient_Weight
7230,Obesity_Type_II
7231,Overweight_Level_I
7232,Obesity_Type_III
7233,Obesity_Type_II
7234,Normal_Weight
7235,Obesity_Type_III
7236,Obesity_Type_II
7237,Obesity_Type_III
7238,Overweight_Level_I
7239,Obesity_Type_III
7240,Obesity_Type_II
7241,Obesity_Type_III
7242,Obesity_Type_I
7243,Normal_Weight
7244,Insufficient_Weight
7245,Normal_Weight
7246,Overweight_Level_I
7247,Obesity_Type_II
7248,Obesity_Type_III
7249,Obesity_Type_II
7250,Obesity_Type_III
7251,Obesity_Type_III
7252,Obesity_Type_III
7253,Obesity_Type_II
7254,Overweight_Level_I
7255,Obesity_Type_III
7256,Obesity_Type_I
7257,Obesity_Type_III
7258,Normal_Weight
7259,Obesity_Type_III
7260,Overweight_Level_I
7261,Obesity_Type_II
7262,Insufficient_Weight
7263,Obesity_Type_III
7264,Obesity_Type_II
7265,Obesity_Type_III
7266,Overweight_Level_I
7267,Obesity_Type_III
7268,Obesity_Type_III
7269,Normal_Weight
7270,Obesity_Type_II
7271,Overweight_Level_I
7272,Obesity_Type_II
7273,Obesity_Type_II
7274,Normal_Weight
7275,Obesity_Type_III
7276,Insufficient_Weight
7277,Obesity_Type_III
7278,Obesity_Type_II
7279,Obesity_Type_II
7280,Obesity_Type_II
7281,Obesity_Type_III
7282,Obesity_Type_III
7283,Obesity_Type_II
7284,Insufficient_Weight
7285,Obesity_Type_III
7286,Obesity_Type_III
7287,Obesity_Type_I
7288,Obesity_Type_III
7289,Obesity_Type_III
7290,Insufficient_Weight
7291,Obesity_Type_III
7292,Obesity_Type_III
7293,Obesity_Type_II
7294,Insufficient_Weight
7295,Obesity_Type_III
7296,Obesity_Type_II
7297,Overweight_Level_I
7298,Obesity_Type_III
7299,Obesity_Type_III
7300,Insufficient_Weight
7301,Obesity_Type_II
7302,Obesity_Type_III
7303,Obesity_Type_III
7304,Insufficient_Weight
7305,Insufficient_Weight
7306,Insufficient_Weight
7307,Overweight_Level_I
7308,Obesity_Type_III
7309,Obesity_Type_II
7310,Insufficient_Weight
7311,Normal_Weight
7312,Obesity_Type_III
7313,Obesity_Type_II
7314,Obesity_Type_II
7315,Overweight_Level_II
7316,Obesity_Type_II
7317,Obesity_Type_II
7318,Obesity_Type_I
7319,Insufficient_Weight
7320,Normal_Weight
7321,Normal_Weight
7322,Insufficient_Weight
7323,Obesity_Type_II
7324,Obesity_Type_II
7325,Overweight_Level_I
7326,Obesity_Type_III
7327,Obesity_Type_III
7328,Insufficient_Weight
7329,Obesity_Type_I
7330,Insufficient_Weight
7331,Normal_Weight
7332,Obesity_Type_II
7333,Obesity_Type_II
7334,Overweight_Level_I
7335,Obesity_Type_II
7336,Insufficient_Weight
7337,Obesity_Type_III
7338,Obesity_Type_II
7339,Obesity_Type_I
7340,Obesity_Type_III
7341,Normal_Weight
7342,Obesity_Type_I
7343,Obesity_Type_II
7344,Obesity_Type_II
7345,Obesity_Type_II
7346,Obesity_Type_II
7347,Obesity_Type_II
7348,Overweight_Level_I
7349,Normal_Weight
7350,Obesity_Type_III
7351,Obesity_Type_II
7352,Insufficient_Weight
7353,Insufficient_Weight
7354,Obesity_Type_II
7355,Obesity_Type_II
7356,Obesity_Type_I
7357,Obesity_Type_III
7358,Insufficient_Weight
7359,Insufficient_Weight
7360,Obesity_Type_II
7361,Obesity_Type_II
7362,Normal_Weight
7363,Insufficient_Weight
7364,Obesity_Type_III
7365,Insufficient_Weight
7366,Obesity_Type_II
7367,Obesity_Type_II
7368,Overweight_Level_I
7369,Insufficient_Weight
7370,Obesity_Type_III
7371,Obesity_Type_I
7372,Obesity_Type_III
7373,Obesity_Type_III
7374,Obesity_Type_III
7375,Obesity_Type_II
7376,Insufficient_Weight
7377,Obesity_Type_I
7378,Obesity_Type_II
7379,Obesity_Type_I
7380,Obesity_Type_III
7381,Obesity_Type_I
7382,Obesity_Type_III
7383,Obesity_Type_II
7384,Obesity_Type_I
7385,Overweight_Level_I
7386,Normal_Weight
7387,Obesity_Type_III
7388,Insufficient_Weight
7389,Normal_Weight
7390,Normal_Weight
7391,Normal_Weight
7392,Obesity_Type_I
7393,Obesity_Type_III
7394,Overweight_Level_I
7395,Obesity_Type_II
7396,Obesity_Type_III
7397,Insufficient_Weight
7398,Obesity_Type_II
7399,Obesity_Type_II
7400,Obesity_Type_II
7401,Obesity_Type_II
7402,Insufficient_Weight
7403,Overweight_Level_I
7404,Obesity_Type_II
7405,Overweight_Level_I
7406,Obesity_Type_III
7407,Obesity_Type_III
7408,Obesity_Type_III
7409,Obesity_Type_I
7410,Obesity_Type_III
7411,Obesity_Type_II
7412,Overweight_Level_I
7413,Obesity_Type_III
7414,Obesity_Type_III
7415,Obesity_Type_III
7416,Obesity_Type_II
7417,Normal_Weight
7418,Obesity_Type_II
7419,Insufficient_Weight
7420,Overweight_Level_I
7421,Obesity_Type_II
7422,Obesity_Type_II
7423,Insufficient_Weight
7424,Normal_Weight
7425,Obesity_Type_I
7426,Obesity_Type_III
7427,Obesity_Type_III
7428,Obesity_Type_III
7429,Obesity_Type_II
7430,Normal_Weight
7431,Obesity_Type_II
7432,Obesity_Type_II
7433,Normal_Weight
7434,Obesity_Type_II
7435,Obesity_Type_II
7436,Obesity_Type_III
7437,Obesity_Type_II
7438,Obesity_Type_II
7439,Normal_Weight
7440,Obesity_Type_II
7441,Obesity_Type_II
7442,Obesity_Type_III
7443,Obesity_Type_I
7444,Obesity_Type_III
7445,Obesity_Type_I
7446,Overweight_Level_I
7447,Insufficient_Weight
7448,Obesity_Type_II
7449,Insufficient_Weight
7450,Obesity_Type_III
7451,Obesity_Type_II
7452,Insufficient_Weight
7453,Insufficient_Weight
7454,Obesity_Type_III
7455,Obesity_Type_III
7456,Normal_Weight
7457,Overweight_Level_I
7458,Obesity_Type_I
7459,Normal_Weight
7460,Obesity_Type_III
7461,Overweight_Level_I
7462,Obesity_Type_III
7463,Obesity_Type_I
7464,Overweight_Level_I
7465,Insufficient_Weight
7466,Overweight_Level_I
7467,Normal_Weight
7468,Obesity_Type_III
7469,Overweight_Level_I
7470,Insufficient_Weight
7471,Overweight_Level_I
7472,Obesity_Type_III
7473,Obesity_Type_II
7474,Obesity_Type_III
7475,Insufficient_Weight
7476,Obesity_Type_II
7477,Normal_Weight
7478,Obesity_Type_II
7479,Obesity_Type_III
7480,Insufficient_Weight
7481,Obesity_Type_III
7482,Overweight_Level_I
7483,Overweight_Level_I
7484,Obesity_Type_II
7485,Obesity_Type_III
7486,Obesity_Type_II
7487,Normal_Weight
7488,Overweight_Level_I
7489,Overweight_Level_I
7490,Normal_Weight
7491,Overweight_Level_I
7492,Obesity_Type_II
7493,Obesity_Type_III
7494,Insufficient_Weight
7495,Obesity_Type_II
7496,Obesity_Type_III
7497,Obesity_Type_II
7498,Normal_Weight
7499,Insufficient_Weight
7500,Insufficient_Weight
7501,Obesity_Type_II
7502,Insufficient_Weight
7503,Obesity_Type_II
7504,Obesity_Type_II
7505,Obesity_Type_III
7506,Obesity_Type_III
7507,Insufficient_Weight
7508,Normal_Weight
7509,Obesity_Type_III
7510,Obesity_Type_III
7511,Obesity_Type_III
7512,Obesity_Type_II
7513,Obesity_Type_II
7514,Obesity_Type_II
7515,Obesity_Type_II
7516,Obesity_Type_I
7517,Obesity_Type_III
7518,Obesity_Type_II
7519,Obesity_Type_III
7520,Insufficient_Weight
7521,Obesity_Type_III
7522,Obesity_Type_III
7523,Normal_Weight
7524,Insufficient_Weight
7525,Overweight_Level_I
7526,Obesity_Type_II
7527,Normal_Weight
7528,Normal_Weight
7529,Obesity_Type_III
7530,Obesity_Type_III
7531,Obesity_Type_III
7532,Overweight_Level_I
7533,Obesity_Type_II
7534,Obesity_Type_II
7535,Obesity_Type_II
7536,Obesity_Type_III
7537,Obesity_Type_II
7538,Obesity_Type_III
7539,Insufficient_Weight
7540,Overweight_Level_I
7541,Insufficient_Weight
7542,Overweight_Level_I
7543,Overweight_Level_I
7544,Obesity_Type_II
7545,Obesity_Type_II
7546,Obesity_Type_III
7547,Obesity_Type_III
7548,Overweight_Level_I
7549,Obesity_Type_II
7550,Obesity_Type_III
7551,Obesity_Type_III
7552,Obesity_Type_II
7553,Insufficient_Weight
7554,Obesity_Type_II
7555,Overweight_Level_I
7556,Obesity_Type_III
7557,Obesity_Type_III
7558,Obesity_Type_II
7559,Insufficient_Weight
7560,Obesity_Type_I
7561,Insufficient_Weight
7562,Obesity_Type_II
7563,Obesity_Type_II
7564,Obesity_Type_III
7565,Obesity_Type_II
7566,Obesity_Type_I
7567,Obesity_Type_II
7568,Obesity_Type_III
7569,Overweight_Level_I
7570,Normal_Weight
7571,Normal_Weight
7572,Obesity_Type_II
7573,Obesity_Type_II
7574,Obesity_Type_II
7575,Obesity_Type_II
7576,Insufficient_Weight
7577,Obesity_Type_III
7578,Normal_Weight
7579,Insufficient_Weight
7580,Insufficient_Weight
7581,Obesity_Type_III
7582,Obesity_Type_II
7583,Overweight_Level_I
7584,Overweight_Level_I
7585,Insufficient_Weight
7586,Obesity_Type_III
7587,Overweight_Level_I
7588,Insufficient_Weight
7589,Obesity_Type_II
7590,Obesity_Type_II
7591,Obesity_Type_II
7592,Overweight_Level_I
7593,Obesity_Type_III
7594,Obesity_Type_III
7595,Obesity_Type_III
7596,Insufficient_Weight
7597,Insufficient_Weight
7598,Insufficient_Weight
7599,Obesity_Type_I
7600,Insufficient_Weight
7601,Obesity_Type_III
7602,Insufficient_Weight
7603,Insufficient_Weight
7604,Obesity_Type_II
7605,Obesity_Type_III
7606,Obesity_Type_II
7607,Obesity_Type_III
7608,Obesity_Type_III
7609,Overweight_Level_I
7610,Normal_Weight
7611,Overweight_Level_I
7612,Obesity_Type_II
7613,Obesity_Type_III
7614,Obesity_Type_I
7615,Obesity_Type_III
7616,Obesity_Type_II
7617,Obesity_Type_III
7618,Obesity_Type_III
7619,Obesity_Type_II
7620,Obesity_Type_II
7621,Obesity_Type_II
7622,Obesity_Type_II
7623,Overweight_Level_I
7624,Obesity_Type_III
7625,Obesity_Type_II
7626,Obesity_Type_III
7627,Overweight_Level_I
7628,Insufficient_Weight
7629,Normal_Weight
7630,Obesity_Type_III
7631,Insufficient_Weight
7632,Normal_Weight
7633,Normal_Weight
7634,Obesity_Type_III
7635,Overweight_Level_I
7636,Obesity_Type_III
7637,Obesity_Type_II
7638,Obesity_Type_II
7639,Obesity_Type_III
7640,Normal_Weight
7641,Overweight_Level_I
7642,Obesity_Type_II
7643,Obesity_Type_II
7644,Obesity_Type_III
7645,Normal_Weight
7646,Obesity_Type_II
7647,Overweight_Level_I
7648,Obesity_Type_III
7649,Obesity_Type_I
7650,Obesity_Type_II
7651,Obesity_Type_III
7652,Obesity_Type_III
7653,Obesity_Type_III
7654,Obesity_Type_II
7655,Insufficient_Weight
7656,Obesity_Type_III
7657,Overweight_Level_I
7658,Obesity_Type_III
7659,Normal_Weight
7660,Obesity_Type_III
7661,Obesity_Type_III
7662,Obesity_Type_II
7663,Insufficient_Weight
7664,Obesity_Type_III
7665,Insufficient_Weight
7666,Insufficient_Weight
7667,Obesity_Type_II
7668,Obesity_Type_II
7669,Obesity_Type_III
7670,Obesity_Type_II
7671,Obesity_Type_II
7672,Obesity_Type_II
7673,Obesity_Type_III
7674,Obesity_Type_I
7675,Obesity_Type_III
7676,Obesity_Type_II
7677,Obesity_Type_II
7678,Obesity_Type_I
7679,Obesity_Type_II
7680,Obesity_Type_III
7681,Obesity_Type_II
7682,Obesity_Type_II
7683,Obesity_Type_III
7684,Obesity_Type_I
7685,Obesity_Type_III
7686,Obesity_Type_III
7687,Insufficient_Weight
7688,Insufficient_Weight
7689,Obesity_Type_II
7690,Obesity_Type_II
7691,Obesity_Type_III
7692,Obesity_Type_III
7693,Obesity_Type_II
7694,Obesity_Type_III
7695,Obesity_Type_III
7696,Obesity_Type_II
7697,Obesity_Type_III
7698,Obesity_Type_II
7699,Overweight_Level_I
7700,Obesity_Type_III
7701,Obesity_Type_II
7702,Obesity_Type_III
7703,Obesity_Type_III
7704,Obesity_Type_III
7705,Obesity_Type_III
7706,Overweight_Level_I
7707,Obesity_Type_III
7708,Normal_Weight
7709,Overweight_Level_I
7710,Insufficient_Weight
7711,Obesity_Type_II
7712,Obesity_Type_III
7713,Obesity_Type_III
7714,Obesity_Type_II
7715,Normal_Weight
7716,Obesity_Type_II
7717,Obesity_Type_II
7718,Obesity_Type_III
7719,Obesity_Type_III
7720,Obesity_Type_II
7721,Obesity_Type_III
7722,Insufficient_Weight
7723,Overweight_Level_I
7724,Insufficient_Weight
7725,Obesity_Type_II
7726,Obesity_Type_II
7727,Obesity_Type_II
7728,Insufficient_Weight
7729,Obesity_Type_I
7730,Obesity_Type_III
7731,Obesity_Type_II
7732,Obesity_Type_II
7733,Obesity_Type_III
7734,Obesity_Type_II
7735,Insufficient_Weight
7736,Normal_Weight
7737,Obesity_Type_II
7738,Normal_Weight
7739,Obesity_Type_II
7740,Overweight_Level_I
7741,Obesity_Type_II
7742,Obesity_Type_I
7743,Obesity_Type_II
7744,Obesity_Type_III
7745,Obesity_Type_III
7746,Overweight_Level_I
7747,Obesity_Type_II
7748,Obesity_Type_II
7749,Obesity_Type_III
7750,Obesity_Type_III
7751,Obesity_Type_III
7752,Normal_Weight
7753,Insufficient_Weight
7754,Obesity_Type_II
7755,Obesity_Type_II
7756,Obesity_Type_III
7757,Insufficient_Weight
7758,Obesity_Type_III
7759,Obesity_Type_II
7760,Insufficient_Weight
7761,Obesity_Type_III
7762,Overweight_Level_I
7763,Insufficient_Weight
7764,Obesity_Type_II
7765,Obesity_Type_III
7766,Insufficient_Weight
7767,Obesity_Type_II
7768,Obesity_Type_III
7769,Obesity_Type_III
7770,Obesity_Type_III
7771,Obesity_Type_III
7772,Obesity_Type_II
7773,Overweight_Level_I
7774,Normal_Weight
7775,Overweight_Level_I
7776,Obesity_Type_III
7777,Obesity_Type_III
7778,Obesity_Type_II
7779,Obesity_Type_III
7780,Overweight_Level_I
7781,Overweight_Level_I
7782,Obesity_Type_II
7783,Obesity_Type_III
7784,Obesity_Type_III
7785,Obesity_Type_III
7786,Overweight_Level_I
7787,Obesity_Type_II
7788,Obesity_Type_II
7789,Obesity_Type_III
7790,Insufficient_Weight
7791,Obesity_Type_II
7792,Obesity_Type_II
7793,Obesity_Type_III
7794,Obesity_Type_III
7795,Obesity_Type_III
7796,Obesity_Type_III
7797,Normal_Weight
7798,Obesity_Type_III
7799,Obesity_Type_III
7800,Obesity_Type_II
7801,Obesity_Type_III
7802,Insufficient_Weight
7803,Obesity_Type_III
7804,Obesity_Type_I
7805,Normal_Weight
7806,Normal_Weight
7807,Normal_Weight
7808,Obesity_Type_III
7809,Obesity_Type_III
7810,Obesity_Type_II
7811,Insufficient_Weight
7812,Overweight_Level_I
7813,Overweight_Level_I
7814,Insufficient_Weight
7815,Insufficient_Weight
7816,Obesity_Type_II
7817,Normal_Weight
7818,Normal_Weight
7819,Obesity_Type_III
7820,Obesity_Type_II
7821,Obesity_Type_I
7822,Obesity_Type_II
7823,Obesity_Type_II
7824,Normal_Weight
7825,Obesity_Type_II
7826,Obesity_Type_II
7827,Obesity_Type_II
7828,Overweight_Level_I
7829,Obesity_Type_III
7830,Obesity_Type_III
7831,Obesity_Type_II
7832,Obesity_Type_III
7833,Obesity_Type_III
7834,Normal_Weight
7835,Obesity_Type_III
7836,Obesity_Type_III
7837,Obesity_Type_I
7838,Obesity_Type_I
7839,Obesity_Type_II
7840,Obesity_Type_II
7841,Overweight_Level_I
7842,Obesity_Type_III
7843,Obesity_Type_III
7844,Insufficient_Weight
7845,Obesity_Type_II
7846,Insufficient_Weight
7847,Normal_Weight
7848,Normal_Weight
7849,Obesity_Type_II
7850,Obesity_Type_II
7851,Obesity_Type_III
7852,Obesity_Type_II
7853,Normal_Weight
7854,Obesity_Type_III
7855,Overweight_Level_I
7856,Obesity_Type_II
7857,Obesity_Type_II
7858,Obesity_Type_III
7859,Obesity_Type_II
7860,Insufficient_Weight
7861,Insufficient_Weight
7862,Obesity_Type_III
7863,Obesity_Type_III
7864,Obesity_Type_II
7865,Obesity_Type_III
7866,Obesity_Type_III
7867,Obesity_Type_III
7868,Obesity_Type_II
7869,Obesity_Type_III
7870,Obesity_Type_II
7871,Overweight_Level_I
7872,Obesity_Type_III
7873,Obesity_Type_II
7874,Obesity_Type_II
7875,Obesity_Type_II
7876,Obesity_Type_III
7877,Obesity_Type_III
7878,Obesity_Type_II
7879,Obesity_Type_II
7880,Insufficient_Weight
7881,Obesity_Type_II
7882,Overweight_Level_I
7883,Normal_Weight
7884,Normal_Weight
7885,Insufficient_Weight
7886,Normal_Weight
7887,Obesity_Type_III
7888,Obesity_Type_II
7889,Normal_Weight
7890,Obesity_Type_II
7891,Normal_Weight
7892,Insufficient_Weight
7893,Obesity_Type_II
7894,Obesity_Type_III
7895,Obesity_Type_II
7896,Overweight_Level_I
7897,Normal_Weight
7898,Obesity_Type_II
7899,Obesity_Type_I
7900,Obesity_Type_II
7901,Insufficient_Weight
7902,Obesity_Type_II
7903,Obesity_Type_I
7904,Obesity_Type_II
7905,Obesity_Type_II
7906,Insufficient_Weight
7907,Obesity_Type_II
7908,Obesity_Type_II
7909,Obesity_Type_III
7910,Obesity_Type_III
7911,Insufficient_Weight
7912,Insufficient_Weight
7913,Normal_Weight
7914,Obesity_Type_II
7915,Obesity_Type_I
7916,Obesity_Type_III
7917,Insufficient_Weight
7918,Obesity_Type_II
7919,Overweight_Level_I
7920,Insufficient_Weight
7921,Overweight_Level_I
7922,Normal_Weight
7923,Obesity_Type_III
7924,Obesity_Type_III
7925,Overweight_Level_I
7926,Overweight_Level_I
7927,Obesity_Type_III
7928,Obesity_Type_III
7929,Obesity_Type_II
7930,Normal_Weight
7931,Overweight_Level_I
7932,Obesity_Type_II
7933,Overweight_Level_I
7934,Obesity_Type_II
7935,Obesity_Type_III
7936,Insufficient_Weight
7937,Obesity_Type_III
7938,Obesity_Type_II
7939,Obesity_Type_II
7940,Obesity_Type_III
7941,Obesity_Type_II
7942,Obesity_Type_III
7943,Obesity_Type_III
7944,Obesity_Type_III
7945,Insufficient_Weight
7946,Overweight_Level_I
7947,Obesity_Type_II
7948,Insufficient_Weight
7949,Obesity_Type_III
7950,Obesity_Type_II
7951,Obesity_Type_III
7952,Obesity_Type_III
7953,Insufficient_Weight
7954,Obesity_Type_III
7955,Obesity_Type_II
7956,Overweight_Level_I
7957,Obesity_Type_II
7958,Obesity_Type_II
7959,Obesity_Type_III
7960,Obesity_Type_II
7961,Overweight_Level_I
7962,Obesity_Type_II
7963,Obesity_Type_III
7964,Normal_Weight
7965,Insufficient_Weight
7966,Obesity_Type_III
7967,Overweight_Level_I
7968,Obesity_Type_I
7969,Overweight_Level_I
7970,Obesity_Type_III
7971,Obesity_Type_II
7972,Obesity_Type_III
7973,Obesity_Type_II
7974,Obesity_Type_II
7975,Overweight_Level_I
7976,Obesity_Type_II
7977,Obesity_Type_III
7978,Obesity_Type_III
7979,Overweight_Level_I
7980,Insufficient_Weight
7981,Obesity_Type_II
7982,Obesity_Type_II
7983,Obesity_Type_II
7984,Obesity_Type_II
7985,Normal_Weight
7986,Obesity_Type_II
7987,Obesity_Type_II
7988,Obesity_Type_II
7989,Obesity_Type_III
7990,Obesity_Type_III
7991,Overweight_Level_I
7992,Obesity_Type_I
7993,Obesity_Type_I
7994,Obesity_Type_II
7995,Normal_Weight
7996,Obesity_Type_I
7997,Normal_Weight
7998,Obesity_Type_II
7999,Overweight_Level_I
8000,Obesity_Type_II
8001,Overweight_Level_I
8002,Obesity_Type_III
8003,Normal_Weight
8004,Insufficient_Weight
8005,Obesity_Type_II
8006,Normal_Weight
8007,Obesity_Type_III
8008,Obesity_Type_III
8009,Obesity_Type_III
8010,Normal_Weight
8011,Insufficient_Weight
8012,Obesity_Type_III
8013,Obesity_Type_III
8014,Obesity_Type_II
8015,Insufficient_Weight
8016,Normal_Weight
8017,Obesity_Type_II
8018,Overweight_Level_I
8019,Obesity_Type_III
8020,Obesity_Type_III
8021,Obesity_Type_II
8022,Obesity_Type_II
8023,Obesity_Type_II
8024,Overweight_Level_I
8025,Obesity_Type_II
8026,Obesity_Type_III
8027,Obesity_Type_II
8028,Obesity_Type_II
8029,Obesity_Type_III
8030,Obesity_Type_I
8031,Obesity_Type_II
8032,Obesity_Type_III
8033,Overweight_Level_I
8034,Obesity_Type_II
8035,Obesity_Type_II
8036,Obesity_Type_III
8037,Obesity_Type_II
8038,Obesity_Type_III
8039,Insufficient_Weight
8040,Obesity_Type_I
8041,Obesity_Type_III
8042,Obesity_Type_II
8043,Overweight_Level_I
8044,Normal_Weight
8045,Normal_Weight
8046,Overweight_Level_I
8047,Obesity_Type_III
8048,Obesity_Type_III
8049,Obesity_Type_II
8050,Insufficient_Weight
8051,Obesity_Type_III
8052,Obesity_Type_III
8053,Overweight_Level_I
8054,Insufficient_Weight
8055,Obesity_Type_II
8056,Obesity_Type_III
8057,Obesity_Type_III
8058,Overweight_Level_I
8059,Obesity_Type_II
8060,Normal_Weight
8061,Obesity_Type_II
8062,Obesity_Type_II
8063,Insufficient_Weight
8064,Obesity_Type_I
8065,Obesity_Type_I
8066,Insufficient_Weight
8067,Insufficient_Weight
8068,Overweight_Level_I
8069,Obesity_Type_II
8070,Obesity_Type_III
8071,Obesity_Type_III
8072,Obesity_Type_I
8073,Obesity_Type_III
8074,Obesity_Type_II
8075,Obesity_Type_II
8076,Obesity_Type_II
8077,Obesity_Type_II
8078,Obesity_Type_III
8079,Normal_Weight
8080,Normal_Weight
8081,Normal_Weight
8082,Obesity_Type_III
8083,Obesity_Type_III
8084,Obesity_Type_III
8085,Obesity_Type_III
8086,Overweight_Level_I
8087,Overweight_Level_I
8088,Obesity_Type_I
8089,Obesity_Type_III
8090,Obesity_Type_III
8091,Obesity_Type_III
8092,Obesity_Type_II
8093,Insufficient_Weight
8094,Normal_Weight
8095,Obesity_Type_II
8096,Obesity_Type_II
8097,Obesity_Type_III
8098,Obesity_Type_III
8099,Obesity_Type_II
8100,Obesity_Type_II
8101,Obesity_Type_III
8102,Obesity_Type_III
8103,Overweight_Level_I
8104,Normal_Weight
8105,Insufficient_Weight
8106,Obesity_Type_II
8107,Obesity_Type_III
8108,Obesity_Type_II
8109,Obesity_Type_III
8110,Obesity_Type_II
8111,Obesity_Type_III
8112,Normal_Weight
8113,Insufficient_Weight
8114,Obesity_Type_III
8115,Insufficient_Weight
8116,Normal_Weight
8117,Obesity_Type_III
8118,Obesity_Type_III
8119,Obesity_Type_III
8120,Insufficient_Weight
8121,Obesity_Type_II
8122,Obesity_Type_III
8123,Obesity_Type_III
8124,Obesity_Type_III
8125,Overweight_Level_I
8126,Insufficient_Weight
8127,Obesity_Type_II
8128,Obesity_Type_III
8129,Obesity_Type_I
8130,Obesity_Type_II
8131,Normal_Weight
8132,Obesity_Type_II
8133,Obesity_Type_III
8134,Overweight_Level_I
8135,Overweight_Level_I
8136,Insufficient_Weight
8137,Obesity_Type_III
8138,Overweight_Level_I
8139,Obesity_Type_II
8140,Obesity_Type_III
8141,Obesity_Type_II
8142,Obesity_Type_III
8143,Obesity_Type_II
8144,Overweight_Level_I
8145,Obesity_Type_II
8146,Obesity_Type_I
8147,Obesity_Type_II
8148,Obesity_Type_II
8149,Insufficient_Weight
8150,Normal_Weight
8151,Obesity_Type_II
8152,Normal_Weight
8153,Obesity_Type_II
8154,Insufficient_Weight
8155,Overweight_Level_I
8156,Obesity_Type_II
8157,Obesity_Type_II
8158,Insufficient_Weight
8159,Obesity_Type_III
8160,Overweight_Level_I
8161,Obesity_Type_II
8162,Insufficient_Weight
8163,Normal_Weight
8164,Obesity_Type_II
8165,Obesity_Type_III
8166,Normal_Weight
8167,Overweight_Level_I
8168,Obesity_Type_II
8169,Obesity_Type_II
8170,Obesity_Type_II
8171,Obesity_Type_III
8172,Obesity_Type_II
8173,Obesity_Type_III
8174,Insufficient_Weight
8175,Insufficient_Weight
8176,Obesity_Type_III
8177,Normal_Weight
8178,Obesity_Type_III
8179,Normal_Weight
8180,Normal_Weight
8181,Overweight_Level_I
8182,Insufficient_Weight
8183,Obesity_Type_III
8184,Obesity_Type_III
8185,Obesity_Type_III
8186,Obesity_Type_III
8187,Obesity_Type_III
8188,Obesity_Type_III
8189,Insufficient_Weight
8190,Normal_Weight
8191,Obesity_Type_II
8192,Obesity_Type_II
8193,Overweight_Level_I
8194,Obesity_Type_II
8195,Obesity_Type_III
8196,Insufficient_Weight
8197,Obesity_Type_I
8198,Obesity_Type_III
8199,Insufficient_Weight
8200,Obesity_Type_III
8201,Obesity_Type_III
8202,Obesity_Type_III
8203,Obesity_Type_III
8204,Obesity_Type_I
8205,Normal_Weight
8206,Obesity_Type_III
8207,Obesity_Type_II
8208,Obesity_Type_II
8209,Obesity_Type_III
8210,Obesity_Type_III
8211,Obesity_Type_II
8212,Obesity_Type_II
8213,Obesity_Type_III
8214,Obesity_Type_II
8215,Obesity_Type_III
8216,Obesity_Type_III
8217,Insufficient_Weight
8218,Obesity_Type_II
8219,Obesity_Type_II
8220,Obesity_Type_I
8221,Normal_Weight
8222,Obesity_Type_II
8223,Obesity_Type_II
8224,Overweight_Level_I
8225,Overweight_Level_I
8226,Normal_Weight
8227,Obesity_Type_II
8228,Obesity_Type_II
8229,Overweight_Level_I
8230,Normal_Weight
8231,Obesity_Type_III
8232,Obesity_Type_II
8233,Insufficient_Weight
8234,Obesity_Type_II
8235,Obesity_Type_III
8236,Insufficient_Weight
8237,Overweight_Level_I
8238,Obesity_Type_II
8239,Insufficient_Weight
8240,Obesity_Type_II
8241,Obesity_Type_III
8242,Insufficient_Weight
8243,Obesity_Type_II
8244,Normal_Weight
8245,Obesity_Type_III
8246,Obesity_Type_III
8247,Obesity_Type_I
8248,Obesity_Type_III
8249,Normal_Weight
8250,Obesity_Type_III
8251,Obesity_Type_III
8252,Obesity_Type_II
8253,Obesity_Type_II
8254,Obesity_Type_III
8255,Obesity_Type_III
8256,Normal_Weight
8257,Insufficient_Weight
8258,Obesity_Type_III
8259,Insufficient_Weight
8260,Normal_Weight
8261,Obesity_Type_III
8262,Obesity_Type_II
8263,Overweight_Level_I
8264,Obesity_Type_II
8265,Overweight_Level_I
8266,Obesity_Type_II
8267,Obesity_Type_II
8268,Insufficient_Weight
8269,Insufficient_Weight
8270,Obesity_Type_III
8271,Obesity_Type_II
8272,Obesity_Type_II
8273,Insufficient_Weight
8274,Overweight_Level_I
8275,Insufficient_Weight
8276,Obesity_Type_III
8277,Insufficient_Weight
8278,Obesity_Type_I
8279,Obesity_Type_I
8280,Overweight_Level_I
8281,Obesity_Type_III
8282,Obesity_Type_II
8283,Obesity_Type_III
8284,Obesity_Type_III
8285,Obesity_Type_II
8286,Obesity_Type_II
8287,Obesity_Type_II
8288,Obesity_Type_III
8289,Obesity_Type_III
8290,Normal_Weight
8291,Normal_Weight
8292,Obesity_Type_III
8293,Insufficient_Weight
8294,Obesity_Type_II
8295,Obesity_Type_II
8296,Normal_Weight
8297,Obesity_Type_III
8298,Obesity_Type_II
8299,Overweight_Level_I
8300,Obesity_Type_II
8301,Obesity_Type_II
8302,Obesity_Type_III
8303,Obesity_Type_III
8304,Overweight_Level_I
8305,Insufficient_Weight
8306,Obesity_Type_III
8307,Obesity_Type_III
8308,Obesity_Type_III
8309,Normal_Weight
8310,Insufficient_Weight
8311,Obesity_Type_III
8312,Insufficient_Weight
8313,Obesity_Type_III
8314,Normal_Weight
8315,Obesity_Type_II
8316,Insufficient_Weight
8317,Obesity_Type_II
8318,Obesity_Type_III
8319,Obesity_Type_I
8320,Normal_Weight
8321,Obesity_Type_III
8322,Obesity_Type_III
8323,Obesity_Type_III
8324,Obesity_Type_III
8325,Obesity_Type_II
8326,Obesity_Type_III
8327,Obesity_Type_III
8328,Obesity_Type_III
8329,Obesity_Type_III
8330,Obesity_Type_III
8331,Normal_Weight
8332,Obesity_Type_I
8333,Obesity_Type_II
8334,Obesity_Type_II
8335,Obesity_Type_III
8336,Obesity_Type_III
8337,Overweight_Level_I
8338,Obesity_Type_II
8339,Overweight_Level_I
8340,Obesity_Type_II
8341,Obesity_Type_II
8342,Insufficient_Weight
8343,Obesity_Type_II
8344,Obesity_Type_III
8345,Obesity_Type_II
8346,Insufficient_Weight
8347,Overweight_Level_I
8348,Insufficient_Weight
8349,Obesity_Type_II
8350,Overweight_Level_I
8351,Overweight_Level_I
8352,Overweight_Level_I
8353,Obesity_Type_I
8354,Obesity_Type_III
8355,Obesity_Type_II
8356,Obesity_Type_II
8357,Obesity_Type_II
8358,Obesity_Type_II
8359,Obesity_Type_II
8360,Overweight_Level_I
8361,Obesity_Type_II
8362,Obesity_Type_II
8363,Obesity_Type_III
8364,Obesity_Type_II
8365,Obesity_Type_III
8366,Insufficient_Weight
8367,Obesity_Type_II
8368,Obesity_Type_III
8369,Overweight_Level_I
8370,Obesity_Type_III
8371,Overweight_Level_I
8372,Obesity_Type_III
8373,Normal_Weight
8374,Obesity_Type_I
8375,Overweight_Level_I
8376,Obesity_Type_III
8377,Obesity_Type_III
8378,Obesity_Type_III
8379,Obesity_Type_III
8380,Obesity_Type_I
8381,Insufficient_Weight
8382,Obesity_Type_III
8383,Normal_Weight
8384,Obesity_Type_II
8385,Obesity_Type_II
8386,Obesity_Type_III
8387,Obesity_Type_I
8388,Obesity_Type_II
8389,Obesity_Type_II
8390,Obesity_Type_III
8391,Overweight_Level_I
8392,Obesity_Type_II
8393,Obesity_Type_III
8394,Obesity_Type_III
8395,Insufficient_Weight
8396,Obesity_Type_I
8397,Obesity_Type_II
8398,Obesity_Type_III
8399,Obesity_Type_III
8400,Insufficient_Weight
8401,Obesity_Type_III
8402,Obesity_Type_II
8403,Obesity_Type_III
8404,Obesity_Type_II
8405,Obesity_Type_II
8406,Obesity_Type_II
8407,Overweight_Level_I
8408,Obesity_Type_II
8409,Obesity_Type_I
8410,Obesity_Type_II
8411,Normal_Weight
8412,Obesity_Type_II
8413,Obesity_Type_II
8414,Obesity_Type_II
8415,Overweight_Level_I
8416,Obesity_Type_II
8417,Overweight_Level_I
8418,Obesity_Type_III
8419,Obesity_Type_III
8420,Obesity_Type_II
8421,Insufficient_Weight
8422,Overweight_Level_I
8423,Overweight_Level_I
8424,Obesity_Type_III
8425,Insufficient_Weight
8426,Overweight_Level_I
8427,Obesity_Type_II
8428,Obesity_Type_I
8429,Normal_Weight
8430,Insufficient_Weight
8431,Obesity_Type_III
8432,Insufficient_Weight
8433,Obesity_Type_II
8434,Obesity_Type_III
8435,Overweight_Level_I
8436,Obesity_Type_III
8437,Obesity_Type_III
8438,Obesity_Type_II
8439,Obesity_Type_II
8440,Insufficient_Weight
8441,Normal_Weight
8442,Overweight_Level_I
8443,Obesity_Type_II
8444,Insufficient_Weight
8445,Obesity_Type_III
8446,Overweight_Level_I
8447,Insufficient_Weight
8448,Insufficient_Weight
8449,Obesity_Type_II
8450,Obesity_Type_II
8451,Overweight_Level_I
8452,Obesity_Type_III
8453,Obesity_Type_III
8454,Obesity_Type_II
8455,Obesity_Type_I
8456,Obesity_Type_II
8457,Normal_Weight
8458,Obesity_Type_I
8459,Obesity_Type_II
8460,Obesity_Type_II
8461,Insufficient_Weight
8462,Obesity_Type_II
8463,Obesity_Type_III
8464,Obesity_Type_III
8465,Obesity_Type_II
8466,Obesity_Type_II
8467,Normal_Weight
8468,Obesity_Type_II
8469,Normal_Weight
8470,Obesity_Type_I
8471,Obesity_Type_II
8472,Insufficient_Weight
8473,Obesity_Type_III
8474,Insufficient_Weight
8475,Obesity_Type_III
8476,Obesity_Type_II
8477,Obesity_Type_III
8478,Insufficient_Weight
8479,Obesity_Type_II
8480,Obesity_Type_III
8481,Obesity_Type_II
8482,Obesity_Type_III
8483,Obesity_Type_III
8484,Obesity_Type_II
8485,Obesity_Type_III
8486,Obesity_Type_II
8487,Overweight_Level_I
8488,Obesity_Type_II
8489,Obesity_Type_III
8490,Obesity_Type_III
8491,Insufficient_Weight
8492,Normal_Weight
8493,Obesity_Type_I
8494,Obesity_Type_III
8495,Obesity_Type_II
8496,Normal_Weight
8497,Insufficient_Weight
8498,Obesity_Type_III
8499,Obesity_Type_II
8500,Obesity_Type_II
8501,Overweight_Level_I
8502,Obesity_Type_II
8503,Insufficient_Weight
8504,Obesity_Type_III
8505,Overweight_Level_I
8506,Obesity_Type_III
8507,Insufficient_Weight
8508,Overweight_Level_I
8509,Obesity_Type_III
8510,Obesity_Type_II
8511,Insufficient_Weight
8512,Obesity_Type_II
8513,Obesity_Type_III
8514,Obesity_Type_III
8515,Insufficient_Weight
8516,Obesity_Type_II
8517,Insufficient_Weight
8518,Overweight_Level_I
8519,Obesity_Type_III
8520,Obesity_Type_I
8521,Obesity_Type_III
8522,Overweight_Level_I
8523,Obesity_Type_III
8524,Obesity_Type_III
8525,Obesity_Type_II
8526,Obesity_Type_III
8527,Obesity_Type_II
8528,Overweight_Level_I
8529,Obesity_Type_III
8530,Obesity_Type_III
8531,Insufficient_Weight
8532,Overweight_Level_I
8533,Obesity_Type_III
8534,Obesity_Type_III
8535,Obesity_Type_II
8536,Overweight_Level_I
8537,Obesity_Type_II
8538,Obesity_Type_II
8539,Obesity_Type_II
8540,Normal_Weight
8541,Obesity_Type_II
8542,Obesity_Type_II
8543,Obesity_Type_III
8544,Obesity_Type_III
8545,Overweight_Level_I
8546,Obesity_Type_II
8547,Obesity_Type_III
8548,Obesity_Type_II
8549,Insufficient_Weight
8550,Obesity_Type_III
8551,Overweight_Level_I
8552,Obesity_Type_III
8553,Obesity_Type_II
8554,Obesity_Type_II
8555,Obesity_Type_III
8556,Normal_Weight
8557,Obesity_Type_II
8558,Obesity_Type_II
8559,Obesity_Type_III
8560,Obesity_Type_II
8561,Overweight_Level_I
8562,Obesity_Type_II
8563,Obesity_Type_III
8564,Obesity_Type_II
8565,Obesity_Type_II
8566,Obesity_Type_II
8567,Obesity_Type_III
8568,Obesity_Type_III
8569,Normal_Weight
8570,Obesity_Type_II
8571,Obesity_Type_II
8572,Obesity_Type_III
8573,Obesity_Type_II
8574,Insufficient_Weight
8575,Insufficient_Weight
8576,Obesity_Type_II
8577,Overweight_Level_I
8578,Normal_Weight
8579,Obesity_Type_III
8580,Obesity_Type_II
8581,Obesity_Type_II
8582,Obesity_Type_III
8583,Overweight_Level_I
8584,Normal_Weight
8585,Obesity_Type_II
8586,Obesity_Type_II
8587,Obesity_Type_II
8588,Obesity_Type_II
8589,Obesity_Type_II
8590,Insufficient_Weight
8591,Overweight_Level_I
8592,Obesity_Type_II
8593,Obesity_Type_II
8594,Obesity_Type_II
8595,Obesity_Type_III
8596,Obesity_Type_II
8597,Obesity_Type_II
8598,Obesity_Type_II
8599,Obesity_Type_III
8600,Overweight_Level_I
8601,Overweight_Level_I
8602,Obesity_Type_II
8603,Obesity_Type_III
8604,Normal_Weight
8605,Obesity_Type_II
8606,Insufficient_Weight
8607,Obesity_Type_II
8608,Obesity_Type_II
8609,Obesity_Type_II
8610,Obesity_Type_III
8611,Obesity_Type_III
8612,Obesity_Type_III
8613,Normal_Weight
8614,Obesity_Type_II
8615,Insufficient_Weight
8616,Obesity_Type_II
8617,Obesity_Type_III
8618,Obesity_Type_II
8619,Obesity_Type_III
8620,Obesity_Type_III
8621,Obesity_Type_II
8622,Overweight_Level_I
8623,Overweight_Level_I
8624,Obesity_Type_II
8625,Obesity_Type_II
8626,Obesity_Type_II
8627,Obesity_Type_II
8628,Normal_Weight
8629,Obesity_Type_II
8630,Obesity_Type_II
8631,Overweight_Level_I
8632,Overweight_Level_I
8633,Obesity_Type_III
8634,Obesity_Type_III
8635,Obesity_Type_II
8636,Obesity_Type_II
8637,Insufficient_Weight
8638,Obesity_Type_II
8639,Overweight_Level_I
8640,Normal_Weight
8641,Obesity_Type_III
8642,Obesity_Type_II
8643,Normal_Weight
8644,Insufficient_Weight
8645,Obesity_Type_III
8646,Obesity_Type_II
8647,Obesity_Type_II
8648,Obesity_Type_III
8649,Obesity_Type_III
8650,Obesity_Type_II
8651,Obesity_Type_III
8652,Overweight_Level_I
8653,Insufficient_Weight
8654,Obesity_Type_II
8655,Obesity_Type_II
8656,Normal_Weight
8657,Obesity_Type_III
8658,Obesity_Type_III
8659,Obesity_Type_II
8660,Obesity_Type_III
8661,Overweight_Level_I
8662,Overweight_Level_I
8663,Overweight_Level_I
8664,Overweight_Level_I
8665,Obesity_Type_II
8666,Obesity_Type_III
8667,Obesity_Type_II
8668,Insufficient_Weight
8669,Obesity_Type_II
8670,Obesity_Type_III
8671,Obesity_Type_II
8672,Insufficient_Weight
8673,Overweight_Level_I
8674,Obesity_Type_II
8675,Obesity_Type_II
8676,Obesity_Type_III
8677,Obesity_Type_II
8678,Insufficient_Weight
8679,Obesity_Type_III
8680,Insufficient_Weight
8681,Obesity_Type_II
8682,Obesity_Type_II
8683,Overweight_Level_I
8684,Obesity_Type_III
8685,Obesity_Type_III
8686,Normal_Weight
8687,Obesity_Type_II
8688,Insufficient_Weight
8689,Obesity_Type_III
8690,Obesity_Type_II
8691,Obesity_Type_II
8692,Normal_Weight
8693,Insufficient_Weight
8694,Obesity_Type_I
8695,Obesity_Type_II
8696,Obesity_Type_II
8697,Normal_Weight
8698,Normal_Weight
8699,Overweight_Level_I
8700,Normal_Weight
8701,Obesity_Type_I
8702,Normal_Weight
8703,Obesity_Type_I
8704,Obesity_Type_III
8705,Obesity_Type_II
8706,Obesity_Type_II
8707,Insufficient_Weight
8708,Insufficient_Weight
8709,Normal_Weight
8710,Obesity_Type_III
8711,Obesity_Type_II
8712,Obesity_Type_III
8713,Obesity_Type_II
8714,Obesity_Type_II
8715,Normal_Weight
8716,Obesity_Type_II
8717,Obesity_Type_II
8718,Insufficient_Weight
8719,Obesity_Type_II
8720,Normal_Weight
8721,Obesity_Type_II
8722,Obesity_Type_II
8723,Obesity_Type_I
8724,Obesity_Type_I
8725,Obesity_Type_III
8726,Obesity_Type_II
8727,Overweight_Level_I
8728,Obesity_Type_II
8729,Overweight_Level_I
8730,Obesity_Type_II
8731,Obesity_Type_II
8732,Obesity_Type_II
8733,Obesity_Type_III
8734,Obesity_Type_III
8735,Obesity_Type_II
8736,Obesity_Type_II
8737,Obesity_Type_II
8738,Obesity_Type_III
8739,Obesity_Type_II
8740,Insufficient_Weight
8741,Normal_Weight
8742,Insufficient_Weight
8743,Overweight_Level_I
8744,Obesity_Type_II
8745,Obesity_Type_III
8746,Obesity_Type_I
8747,Insufficient_Weight
8748,Obesity_Type_II
8749,Obesity_Type_III
8750,Obesity_Type_III
8751,Obesity_Type_III
8752,Normal_Weight
8753,Obesity_Type_III
8754,Insufficient_Weight
8755,Overweight_Level_I
8756,Obesity_Type_II
8757,Obesity_Type_III
8758,Obesity_Type_II
8759,Insufficient_Weight
8760,Obesity_Type_III
8761,Obesity_Type_III
8762,Obesity_Type_I
8763,Obesity_Type_III
8764,Obesity_Type_II
8765,Obesity_Type_I
8766,Obesity_Type_III
8767,Insufficient_Weight
8768,Obesity_Type_I
8769,Insufficient_Weight
8770,Overweight_Level_I
8771,Insufficient_Weight
8772,Insufficient_Weight
8773,Obesity_Type_II
8774,Obesity_Type_II
8775,Obesity_Type_III
8776,Obesity_Type_II
8777,Normal_Weight
8778,Overweight_Level_I
8779,Obesity_Type_II
8780,Insufficient_Weight
8781,Obesity_Type_II
8782,Obesity_Type_III
8783,Obesity_Type_II
8784,Obesity_Type_II
8785,Insufficient_Weight
8786,Obesity_Type_II
8787,Obesity_Type_III
8788,Obesity_Type_III
8789,Obesity_Type_III
8790,Obesity_Type_II
8791,Obesity_Type_III
8792,Insufficient_Weight
8793,Insufficient_Weight
8794,Obesity_Type_II
8795,Obesity_Type_II
8796,Obesity_Type_III
8797,Obesity_Type_III
8798,Obesity_Type_II
8799,Normal_Weight
8800,Obesity_Type_III
8801,Insufficient_Weight
8802,Obesity_Type_II
8803,Obesity_Type_I
8804,Insufficient_Weight
8805,Obesity_Type_II
8806,Insufficient_Weight
8807,Obesity_Type_III
8808,Obesity_Type_II
8809,Obesity_Type_III
8810,Obesity_Type_III
8811,Obesity_Type_III
8812,Obesity_Type_III
8813,Obesity_Type_III
8814,Obesity_Type_I
8815,Insufficient_Weight
8816,Obesity_Type_II
8817,Obesity_Type_III
8818,Obesity_Type_II
8819,Overweight_Level_I
8820,Normal_Weight
8821,Obesity_Type_II
8822,Insufficient_Weight
8823,Obesity_Type_III
8824,Obesity_Type_I
8825,Obesity_Type_III
8826,Obesity_Type_II
8827,Normal_Weight
8828,Insufficient_Weight
8829,Overweight_Level_I
8830,Obesity_Type_II
8831,Obesity_Type_II
8832,Obesity_Type_III
8833,Obesity_Type_II
8834,Obesity_Type_I
8835,Obesity_Type_II
8836,Obesity_Type_II
8837,Obesity_Type_III
8838,Obesity_Type_II
8839,Insufficient_Weight
8840,Overweight_Level_I
8841,Obesity_Type_III
8842,Overweight_Level_I
8843,Obesity_Type_II
8844,Overweight_Level_I
8845,Obesity_Type_II
8846,Normal_Weight
8847,Obesity_Type_III
8848,Overweight_Level_I
8849,Obesity_Type_III
8850,Insufficient_Weight
8851,Obesity_Type_II
8852,Obesity_Type_II
8853,Obesity_Type_II
8854,Obesity_Type_III
8855,Obesity_Type_III
8856,Obesity_Type_II
8857,Obesity_Type_III
8858,Obesity_Type_III
8859,Insufficient_Weight
8860,Obesity_Type_III
8861,Obesity_Type_II
8862,Overweight_Level_I
8863,Obesity_Type_III
8864,Obesity_Type_II
8865,Obesity_Type_II
8866,Obesity_Type_III
8867,Overweight_Level_I
8868,Obesity_Type_I
8869,Insufficient_Weight
8870,Insufficient_Weight
8871,Obesity_Type_III
8872,Obesity_Type_III
8873,Obesity_Type_II
8874,Obesity_Type_III
8875,Obesity_Type_I
8876,Insufficient_Weight
8877,Insufficient_Weight
8878,Overweight_Level_I
8879,Normal_Weight
8880,Obesity_Type_II
8881,Obesity_Type_II
8882,Obesity_Type_III
8883,Obesity_Type_II
8884,Overweight_Level_I
8885,Obesity_Type_III
8886,Obesity_Type_III
8887,Normal_Weight
8888,Obesity_Type_II
8889,Obesity_Type_II
8890,Obesity_Type_II
8891,Obesity_Type_I
8892,Obesity_Type_II
8893,Obesity_Type_II
8894,Obesity_Type_III
8895,Obesity_Type_III
8896,Obesity_Type_II
8897,Overweight_Level_I
8898,Overweight_Level_I
8899,Obesity_Type_II
8900,Obesity_Type_I
8901,Obesity_Type_II
8902,Obesity_Type_III
8903,Obesity_Type_III
8904,Obesity_Type_II
8905,Obesity_Type_III
8906,Normal_Weight
8907,Overweight_Level_I
8908,Overweight_Level_I
8909,Obesity_Type_III
8910,Obesity_Type_II
8911,Obesity_Type_I
8912,Obesity_Type_II
8913,Obesity_Type_II
8914,Obesity_Type_II
8915,Overweight_Level_I
8916,Obesity_Type_II
8917,Obesity_Type_II
8918,Obesity_Type_II
8919,Obesity_Type_II
8920,Obesity_Type_III
8921,Obesity_Type_III
8922,Normal_Weight
8923,Insufficient_Weight
8924,Obesity_Type_II
8925,Overweight_Level_I
8926,Insufficient_Weight
8927,Normal_Weight
8928,Overweight_Level_I
8929,Overweight_Level_I
8930,Overweight_Level_I
8931,Obesity_Type_III
8932,Obesity_Type_II
8933,Obesity_Type_III
8934,Obesity_Type_III
8935,Overweight_Level_I
8936,Obesity_Type_III
8937,Obesity_Type_III
8938,Overweight_Level_I
8939,Obesity_Type_II
8940,Obesity_Type_III
8941,Obesity_Type_II
8942,Overweight_Level_I
8943,Obesity_Type_II
8944,Insufficient_Weight
8945,Obesity_Type_II
8946,Obesity_Type_III
8947,Obesity_Type_II
8948,Obesity_Type_III
8949,Obesity_Type_II
8950,Obesity_Type_II
8951,Obesity_Type_III
8952,Normal_Weight
8953,Obesity_Type_II
8954,Obesity_Type_III
8955,Overweight_Level_I
8956,Overweight_Level_I
8957,Insufficient_Weight
8958,Normal_Weight
8959,Obesity_Type_II
8960,Obesity_Type_III
8961,Obesity_Type_II
8962,Normal_Weight
8963,Obesity_Type_III
8964,Normal_Weight
8965,Normal_Weight
8966,Obesity_Type_II
8967,Obesity_Type_II
8968,Obesity_Type_III
8969,Insufficient_Weight
8970,Insufficient_Weight
8971,Obesity_Type_III
8972,Normal_Weight
8973,Insufficient_Weight
8974,Obesity_Type_II
8975,Overweight_Level_I
8976,Normal_Weight
8977,Overweight_Level_I
8978,Obesity_Type_III
8979,Overweight_Level_I
8980,Obesity_Type_I
8981,Obesity_Type_I
8982,Obesity_Type_II
8983,Obesity_Type_II
8984,Obesity_Type_III
8985,Obesity_Type_III
8986,Overweight_Level_I
8987,Obesity_Type_III
8988,Obesity_Type_II
8989,Normal_Weight
8990,Overweight_Level_I
8991,Obesity_Type_II
8992,Obesity_Type_III
8993,Obesity_Type_II
8994,Obesity_Type_II
8995,Obesity_Type_III
8996,Obesity_Type_II
8997,Obesity_Type_II
8998,Obesity_Type_III
8999,Obesity_Type_II
9000,Obesity_Type_II
9001,Obesity_Type_II
9002,Obesity_Type_III
9003,Obesity_Type_III
9004,Normal_Weight
9005,Obesity_Type_II
9006,Obesity_Type_III
9007,Normal_Weight
9008,Obesity_Type_II
9009,Obesity_Type_II
9010,Overweight_Level_I
9011,Obesity_Type_III
9012,Obesity_Type_II
9013,Normal_Weight
9014,Obesity_Type_III
9015,Obesity_Type_I
9016,Obesity_Type_II
9017,Obesity_Type_II
9018,Obesity_Type_III
9019,Obesity_Type_II
9020,Obesity_Type_II
9021,Obesity_Type_II
9022,Obesity_Type_III
9023,Obesity_Type_II
9024,Obesity_Type_III
9025,Obesity_Type_I
9026,Obesity_Type_II
9027,Overweight_Level_I
9028,Obesity_Type_III
9029,Obesity_Type_II
9030,Obesity_Type_III
9031,Obesity_Type_II
9032,Insufficient_Weight
9033,Obesity_Type_III
9034,Obesity_Type_III
9035,Obesity_Type_III
9036,Obesity_Type_II
9037,Overweight_Level_I
9038,Obesity_Type_I
9039,Obesity_Type_III
9040,Obesity_Type_II
9041,Overweight_Level_I
9042,Obesity_Type_I
9043,Obesity_Type_III
9044,Insufficient_Weight
9045,Obesity_Type_III
9046,Obesity_Type_III
9047,Obesity_Type_III
9048,Overweight_Level_I
9049,Normal_Weight
9050,Obesity_Type_II
9051,Obesity_Type_II
9052,Insufficient_Weight
9053,Obesity_Type_III
9054,Normal_Weight
9055,Obesity_Type_I
9056,Obesity_Type_II
9057,Obesity_Type_III
9058,Obesity_Type_II
9059,Overweight_Level_I
9060,Obesity_Type_II
9061,Obesity_Type_III
9062,Obesity_Type_II
9063,Obesity_Type_III
9064,Obesity_Type_II
9065,Obesity_Type_III
9066,Overweight_Level_I
9067,Obesity_Type_II
9068,Obesity_Type_II
9069,Obesity_Type_III
9070,Normal_Weight
9071,Insufficient_Weight
9072,Obesity_Type_III
9073,Insufficient_Weight
9074,Obesity_Type_II
9075,Obesity_Type_II
9076,Normal_Weight
9077,Overweight_Level_I
9078,Insufficient_Weight
9079,Normal_Weight
9080,Obesity_Type_III
9081,Obesity_Type_III
9082,Obesity_Type_I
9083,Normal_Weight
9084,Overweight_Level_I
9085,Normal_Weight
9086,Obesity_Type_II
9087,Obesity_Type_II
9088,Insufficient_Weight
9089,Obesity_Type_III
9090,Obesity_Type_II
9091,Overweight_Level_I
9092,Overweight_Level_I
9093,Overweight_Level_I
9094,Obesity_Type_II
9095,Obesity_Type_III
9096,Obesity_Type_II
9097,Obesity_Type_III
9098,Obesity_Type_II
9099,Obesity_Type_III
9100,Obesity_Type_II
9101,Overweight_Level_I
9102,Obesity_Type_II
9103,Obesity_Type_II
9104,Insufficient_Weight
9105,Insufficient_Weight
9106,Overweight_Level_I
9107,Insufficient_Weight
9108,Insufficient_Weight
9109,Insufficient_Weight
9110,Insufficient_Weight
9111,Obesity_Type_III
9112,Obesity_Type_III
9113,Obesity_Type_II
9114,Obesity_Type_II
9115,Overweight_Level_I
9116,Overweight_Level_I
9117,Insufficient_Weight
9118,Obesity_Type_II
9119,Obesity_Type_II
9120,Obesity_Type_II
9121,Obesity_Type_III
9122,Obesity_Type_II
9123,Obesity_Type_II
9124,Obesity_Type_II
9125,Obesity_Type_III
9126,Insufficient_Weight
9127,Obesity_Type_II
9128,Obesity_Type_II
9129,Obesity_Type_II
9130,Obesity_Type_III
9131,Obesity_Type_III
9132,Insufficient_Weight
9133,Insufficient_Weight
9134,Normal_Weight
9135,Overweight_Level_I
9136,Obesity_Type_III
9137,Obesity_Type_II
9138,Obesity_Type_III
9139,Insufficient_Weight
9140,Obesity_Type_II
9141,Normal_Weight
9142,Obesity_Type_I
9143,Normal_Weight
9144,Obesity_Type_I
9145,Obesity_Type_II
9146,Obesity_Type_II
9147,Normal_Weight
9148,Obesity_Type_II
9149,Obesity_Type_II
9150,Obesity_Type_III
9151,Obesity_Type_II
9152,Obesity_Type_II
9153,Obesity_Type_III
9154,Obesity_Type_II
9155,Obesity_Type_II
9156,Obesity_Type_II
9157,Obesity_Type_II
9158,Obesity_Type_II
9159,Obesity_Type_II
9160,Normal_Weight
9161,Obesity_Type_II
9162,Obesity_Type_III
9163,Obesity_Type_III
9164,Overweight_Level_I
9165,Obesity_Type_II
9166,Obesity_Type_II
9167,Obesity_Type_III
9168,Obesity_Type_I
9169,Insufficient_Weight
9170,Overweight_Level_I
9171,Insufficient_Weight
9172,Obesity_Type_II
9173,Insufficient_Weight
9174,Normal_Weight
9175,Obesity_Type_III
9176,Obesity_Type_II
9177,Insufficient_Weight
9178,Obesity_Type_III
9179,Normal_Weight
9180,Obesity_Type_III
9181,Obesity_Type_II
9182,Obesity_Type_II
9183,Overweight_Level_I
9184,Obesity_Type_III
9185,Obesity_Type_III
9186,Insufficient_Weight
9187,Normal_Weight
9188,Obesity_Type_II
9189,Overweight_Level_I
9190,Obesity_Type_II
9191,Obesity_Type_II
9192,Normal_Weight
9193,Overweight_Level_I
9194,Obesity_Type_III
9195,Overweight_Level_I
9196,Obesity_Type_II
9197,Obesity_Type_III
9198,Obesity_Type_II
9199,Obesity_Type_II
9200,Obesity_Type_I
9201,Obesity_Type_III
9202,Obesity_Type_II
9203,Obesity_Type_II
9204,Normal_Weight
9205,Obesity_Type_III
9206,Obesity_Type_II
9207,Obesity_Type_II
9208,Obesity_Type_II
9209,Obesity_Type_II
9210,Obesity_Type_II
9211,Obesity_Type_I
9212,Insufficient_Weight
9213,Obesity_Type_III
9214,Obesity_Type_III
9215,Obesity_Type_III
9216,Overweight_Level_I
9217,Obesity_Type_I
9218,Obesity_Type_II
9219,Obesity_Type_I
9220,Overweight_Level_I
9221,Obesity_Type_III
9222,Obesity_Type_III
9223,Obesity_Type_III
9224,Obesity_Type_II
9225,Insufficient_Weight
9226,Obesity_Type_III
9227,Insufficient_Weight
9228,Obesity_Type_II
9229,Overweight_Level_II
9230,Obesity_Type_I
9231,Normal_Weight
9232,Obesity_Type_II
9233,Obesity_Type_III
9234,Normal_Weight
9235,Insufficient_Weight
9236,Obesity_Type_III
9237,Overweight_Level_I
9238,Obesity_Type_III
9239,Obesity_Type_III
9240,Obesity_Type_III
9241,Insufficient_Weight
9242,Obesity_Type_III
9243,Obesity_Type_III
9244,Normal_Weight
9245,Obesity_Type_I
9246,Obesity_Type_II
9247,Obesity_Type_III
9248,Obesity_Type_II
9249,Obesity_Type_II
9250,Insufficient_Weight
9251,Overweight_Level_I
9252,Obesity_Type_II
9253,Obesity_Type_II
9254,Normal_Weight
9255,Obesity_Type_III
9256,Obesity_Type_III
9257,Overweight_Level_I
9258,Normal_Weight
9259,Obesity_Type_III
9260,Obesity_Type_I
9261,Obesity_Type_II
9262,Obesity_Type_III
9263,Insufficient_Weight
9264,Obesity_Type_III
9265,Overweight_Level_I
9266,Obesity_Type_I
9267,Normal_Weight
9268,Obesity_Type_III
9269,Obesity_Type_III
9270,Obesity_Type_II
9271,Obesity_Type_III
9272,Obesity_Type_III
9273,Obesity_Type_III
9274,Obesity_Type_II
9275,Normal_Weight
9276,Normal_Weight
9277,Obesity_Type_II
9278,Obesity_Type_I
9279,Insufficient_Weight
9280,Normal_Weight
9281,Obesity_Type_II
9282,Overweight_Level_I
9283,Obesity_Type_II
9284,Overweight_Level_I
9285,Obesity_Type_III
9286,Obesity_Type_II
9287,Obesity_Type_II
9288,Obesity_Type_II
9289,Obesity_Type_III
9290,Obesity_Type_III
9291,Insufficient_Weight
9292,Obesity_Type_III
9293,Overweight_Level_I
9294,Insufficient_Weight
9295,Overweight_Level_I
9296,Normal_Weight
9297,Obesity_Type_III
9298,Obesity_Type_III
9299,Obesity_Type_III
9300,Obesity_Type_II
9301,Normal_Weight
9302,Obesity_Type_III
9303,Obesity_Type_II
9304,Obesity_Type_III
9305,Overweight_Level_I
9306,Obesity_Type_II
9307,Overweight_Level_I
9308,Obesity_Type_III
9309,Overweight_Level_I
9310,Obesity_Type_III
9311,Obesity_Type_III
9312,Normal_Weight
9313,Obesity_Type_II
9314,Normal_Weight
9315,Overweight_Level_I
9316,Overweight_Level_I
9317,Obesity_Type_II
9318,Obesity_Type_I
9319,Overweight_Level_I
9320,Normal_Weight
9321,Obesity_Type_II
9322,Obesity_Type_III
9323,Insufficient_Weight
9324,Overweight_Level_I
9325,Obesity_Type_II
9326,Overweight_Level_I
9327,Overweight_Level_I
9328,Obesity_Type_II
9329,Obesity_Type_II
9330,Obesity_Type_III
9331,Overweight_Level_I
9332,Insufficient_Weight
9333,Obesity_Type_III
9334,Obesity_Type_II
9335,Obesity_Type_III
9336,Overweight_Level_I
9337,Obesity_Type_III
9338,Overweight_Level_I
9339,Obesity_Type_III
9340,Insufficient_Weight
9341,Obesity_Type_III
9342,Normal_Weight
9343,Normal_Weight
9344,Obesity_Type_III
9345,Obesity_Type_II
9346,Insufficient_Weight
9347,Obesity_Type_II
9348,Obesity_Type_III
9349,Obesity_Type_II
9350,Obesity_Type_II
9351,Obesity_Type_III
9352,Obesity_Type_III
9353,Overweight_Level_I
9354,Obesity_Type_III
9355,Obesity_Type_II
9356,Obesity_Type_III
9357,Obesity_Type_II
9358,Obesity_Type_II
9359,Insufficient_Weight
9360,Overweight_Level_I
9361,Obesity_Type_II
9362,Obesity_Type_II
9363,Overweight_Level_I
9364,Obesity_Type_II
9365,Obesity_Type_I
9366,Obesity_Type_III
9367,Overweight_Level_I
9368,Obesity_Type_III
9369,Obesity_Type_III
9370,Overweight_Level_I
9371,Obesity_Type_II
9372,Overweight_Level_I
9373,Insufficient_Weight
9374,Obesity_Type_II
9375,Obesity_Type_III
9376,Insufficient_Weight
9377,Obesity_Type_II
9378,Normal_Weight
9379,Obesity_Type_III
9380,Obesity_Type_II
9381,Obesity_Type_III
9382,Obesity_Type_II
9383,Obesity_Type_II
9384,Obesity_Type_II
9385,Overweight_Level_I
9386,Obesity_Type_II
9387,Obesity_Type_III
9388,Normal_Weight
9389,Obesity_Type_III
9390,Obesity_Type_II
9391,Obesity_Type_III
9392,Obesity_Type_II
9393,Obesity_Type_III
9394,Obesity_Type_I
9395,Overweight_Level_I
9396,Overweight_Level_I
9397,Overweight_Level_I
9398,Normal_Weight
9399,Obesity_Type_III
9400,Obesity_Type_II
9401,Overweight_Level_I
9402,Insufficient_Weight
9403,Obesity_Type_III
9404,Obesity_Type_I
9405,Insufficient_Weight
9406,Obesity_Type_III
9407,Obesity_Type_III
9408,Insufficient_Weight
9409,Obesity_Type_III
9410,Obesity_Type_II
9411,Obesity_Type_II
9412,Obesity_Type_III
9413,Obesity_Type_II
9414,Obesity_Type_III
9415,Insufficient_Weight
9416,Obesity_Type_III
9417,Insufficient_Weight
9418,Insufficient_Weight
9419,Overweight_Level_I
9420,Obesity_Type_II
9421,Obesity_Type_III
9422,Obesity_Type_III
9423,Normal_Weight
9424,Insufficient_Weight
9425,Overweight_Level_I
9426,Overweight_Level_I
9427,Obesity_Type_II
9428,Obesity_Type_III
9429,Obesity_Type_III
9430,Obesity_Type_III
9431,Normal_Weight
9432,Normal_Weight
9433,Obesity_Type_I
9434,Obesity_Type_II
9435,Obesity_Type_III
9436,Obesity_Type_II
9437,Overweight_Level_I
9438,Obesity_Type_III
9439,Normal_Weight
9440,Overweight_Level_I
9441,Insufficient_Weight
9442,Normal_Weight
9443,Obesity_Type_III
9444,Obesity_Type_III
9445,Insufficient_Weight
9446,Normal_Weight
9447,Obesity_Type_II
9448,Obesity_Type_II
9449,Obesity_Type_III
9450,Obesity_Type_III
9451,Obesity_Type_II
9452,Obesity_Type_II
9453,Normal_Weight
9454,Obesity_Type_III
9455,Obesity_Type_III
9456,Overweight_Level_I
9457,Obesity_Type_II
9458,Obesity_Type_III
9459,Obesity_Type_III
9460,Overweight_Level_I
9461,Overweight_Level_I
9462,Obesity_Type_III
9463,Obesity_Type_III
9464,Obesity_Type_III
9465,Insufficient_Weight
9466,Insufficient_Weight
9467,Obesity_Type_II
9468,Insufficient_Weight
9469,Obesity_Type_III
9470,Obesity_Type_III
9471,Obesity_Type_II
9472,Obesity_Type_II
9473,Obesity_Type_II
9474,Obesity_Type_II
9475,Obesity_Type_II
9476,Insufficient_Weight
9477,Insufficient_Weight
9478,Normal_Weight
9479,Normal_Weight
9480,Obesity_Type_III
9481,Obesity_Type_III
9482,Obesity_Type_I
9483,Overweight_Level_I
9484,Obesity_Type_II
9485,Overweight_Level_I
9486,Normal_Weight
9487,Normal_Weight
9488,Obesity_Type_III
9489,Obesity_Type_II
9490,Obesity_Type_III
9491,Obesity_Type_III
9492,Insufficient_Weight
9493,Obesity_Type_I
9494,Obesity_Type_II
9495,Obesity_Type_III
9496,Obesity_Type_II
9497,Obesity_Type_II
9498,Obesity_Type_II
9499,Obesity_Type_II
9500,Obesity_Type_III
9501,Obesity_Type_II
9502,Overweight_Level_I
9503,Obesity_Type_II
9504,Insufficient_Weight
9505,Obesity_Type_II
9506,Normal_Weight
9507,Obesity_Type_II
9508,Overweight_Level_I
9509,Obesity_Type_II
9510,Overweight_Level_I
9511,Normal_Weight
9512,Obesity_Type_III
9513,Obesity_Type_III
9514,Obesity_Type_II
9515,Obesity_Type_III
9516,Obesity_Type_II
9517,Obesity_Type_II
9518,Obesity_Type_III
9519,Obesity_Type_III
9520,Overweight_Level_I
9521,Overweight_Level_I
9522,Insufficient_Weight
9523,Overweight_Level_I
9524,Obesity_Type_III
9525,Obesity_Type_II
9526,Insufficient_Weight
9527,Overweight_Level_I
9528,Obesity_Type_II
9529,Obesity_Type_I
9530,Obesity_Type_III
9531,Obesity_Type_III
9532,Normal_Weight
9533,Obesity_Type_III
9534,Obesity_Type_II
9535,Obesity_Type_III
9536,Obesity_Type_II
9537,Obesity_Type_II
9538,Obesity_Type_I
9539,Obesity_Type_III
9540,Obesity_Type_III
9541,Obesity_Type_III
9542,Overweight_Level_I
9543,Obesity_Type_III
9544,Obesity_Type_III
9545,Insufficient_Weight
9546,Obesity_Type_III
9547,Obesity_Type_II
9548,Insufficient_Weight
9549,Obesity_Type_III
9550,Obesity_Type_III
9551,Insufficient_Weight
9552,Normal_Weight
9553,Obesity_Type_III
9554,Obesity_Type_I
9555,Normal_Weight
9556,Obesity_Type_II
9557,Obesity_Type_III
9558,Obesity_Type_II
9559,Insufficient_Weight
9560,Obesity_Type_II
9561,Obesity_Type_III
9562,Insufficient_Weight
9563,Obesity_Type_II
9564,Obesity_Type_III
9565,Overweight_Level_I
9566,Obesity_Type_II
9567,Obesity_Type_III
9568,Obesity_Type_III
9569,Obesity_Type_III
9570,Overweight_Level_I
9571,Obesity_Type_II
9572,Insufficient_Weight
9573,Obesity_Type_II
9574,Overweight_Level_I
9575,Obesity_Type_II
9576,Obesity_Type_III
9577,Obesity_Type_I
9578,Obesity_Type_III
9579,Insufficient_Weight
9580,Obesity_Type_III
9581,Obesity_Type_III
9582,Normal_Weight
9583,Obesity_Type_II
9584,Insufficient_Weight
9585,Obesity_Type_II
9586,Obesity_Type_II
9587,Obesity_Type_II
9588,Obesity_Type_II
9589,Obesity_Type_I
9590,Obesity_Type_III
9591,Obesity_Type_III
9592,Obesity_Type_II
9593,Obesity_Type_II
9594,Obesity_Type_III
9595,Obesity_Type_III
9596,Normal_Weight
9597,Obesity_Type_III
9598,Obesity_Type_II
9599,Obesity_Type_II
9600,Insufficient_Weight
9601,Obesity_Type_I
9602,Overweight_Level_I
9603,Obesity_Type_III
9604,Normal_Weight
9605,Obesity_Type_III
9606,Obesity_Type_III
9607,Obesity_Type_II
9608,Obesity_Type_III
9609,Obesity_Type_III
9610,Obesity_Type_II
9611,Overweight_Level_I
9612,Obesity_Type_III
9613,Normal_Weight
9614,Obesity_Type_II
9615,Obesity_Type_II
9616,Obesity_Type_III
9617,Overweight_Level_I
9618,Obesity_Type_II
9619,Obesity_Type_II
9620,Obesity_Type_III
9621,Obesity_Type_II
9622,Overweight_Level_I
9623,Obesity_Type_II
9624,Insufficient_Weight
9625,Insufficient_Weight
9626,Insufficient_Weight
9627,Normal_Weight
9628,Obesity_Type_I
9629,Overweight_Level_I
9630,Obesity_Type_II
9631,Normal_Weight
9632,Obesity_Type_III
9633,Obesity_Type_III
9634,Obesity_Type_II
9635,Obesity_Type_III
9636,Obesity_Type_III
9637,Obesity_Type_II
9638,Overweight_Level_I
9639,Obesity_Type_III
9640,Obesity_Type_II
9641,Normal_Weight
9642,Obesity_Type_II
9643,Obesity_Type_III
9644,Obesity_Type_II
9645,Obesity_Type_III
9646,Obesity_Type_II
9647,Normal_Weight
9648,Obesity_Type_II
9649,Obesity_Type_III
9650,Overweight_Level_I
9651,Normal_Weight
9652,Normal_Weight
9653,Obesity_Type_III
9654,Obesity_Type_II
9655,Obesity_Type_III
9656,Obesity_Type_II
9657,Insufficient_Weight
9658,Insufficient_Weight
9659,Overweight_Level_I
9660,Obesity_Type_III
9661,Obesity_Type_II
9662,Insufficient_Weight
9663,Insufficient_Weight
9664,Obesity_Type_III
9665,Obesity_Type_II
9666,Obesity_Type_III
9667,Insufficient_Weight
9668,Overweight_Level_I
9669,Obesity_Type_III
9670,Normal_Weight
9671,Normal_Weight
9672,Normal_Weight
9673,Obesity_Type_III
9674,Overweight_Level_I
9675,Overweight_Level_I
9676,Normal_Weight
9677,Obesity_Type_III
9678,Normal_Weight
9679,Obesity_Type_III
9680,Obesity_Type_II
9681,Overweight_Level_I
9682,Obesity_Type_II
9683,Obesity_Type_III
9684,Obesity_Type_III
9685,Insufficient_Weight
9686,Obesity_Type_III
9687,Obesity_Type_II
9688,Overweight_Level_I
9689,Normal_Weight
9690,Obesity_Type_II
9691,Obesity_Type_III
9692,Obesity_Type_III
9693,Obesity_Type_III
9694,Obesity_Type_II
9695,Normal_Weight
9696,Obesity_Type_III
9697,Obesity_Type_I
9698,Insufficient_Weight
9699,Overweight_Level_I
9700,Overweight_Level_I
9701,Obesity_Type_II
9702,Obesity_Type_II
9703,Insufficient_Weight
9704,Obesity_Type_III
9705,Obesity_Type_III
9706,Normal_Weight
9707,Obesity_Type_II
9708,Insufficient_Weight
9709,Normal_Weight
9710,Obesity_Type_III
9711,Obesity_Type_II
9712,Overweight_Level_I
9713,Normal_Weight
9714,Insufficient_Weight
9715,Obesity_Type_III
9716,Insufficient_Weight
9717,Obesity_Type_II
9718,Obesity_Type_II
9719,Obesity_Type_II
9720,Obesity_Type_III
9721,Obesity_Type_III
9722,Obesity_Type_II
9723,Overweight_Level_I
9724,Obesity_Type_III
9725,Overweight_Level_I
9726,Insufficient_Weight
9727,Obesity_Type_II
9728,Obesity_Type_III
9729,Obesity_Type_III
9730,Overweight_Level_I
9731,Obesity_Type_III
9732,Obesity_Type_III
9733,Obesity_Type_III
9734,Obesity_Type_III
9735,Obesity_Type_I
9736,Obesity_Type_III
9737,Insufficient_Weight
9738,Normal_Weight
9739,Insufficient_Weight
9740,Obesity_Type_III
9741,Obesity_Type_II
9742,Obesity_Type_II
9743,Obesity_Type_I
9744,Insufficient_Weight
9745,Obesity_Type_III
9746,Obesity_Type_I
9747,Obesity_Type_II
9748,Overweight_Level_I
9749,Obesity_Type_II
9750,Obesity_Type_II
9751,Obesity_Type_III
9752,Obesity_Type_III
9753,Obesity_Type_II
9754,Normal_Weight
9755,Obesity_Type_III
9756,Obesity_Type_II
9757,Overweight_Level_I
9758,Obesity_Type_II
9759,Obesity_Type_II
9760,Obesity_Type_III
9761,Overweight_Level_I
9762,Obesity_Type_II
9763,Obesity_Type_II
9764,Obesity_Type_II
9765,Overweight_Level_I
9766,Obesity_Type_III
9767,Obesity_Type_I
9768,Obesity_Type_II
9769,Overweight_Level_I
9770,Obesity_Type_II
9771,Overweight_Level_II
9772,Obesity_Type_II
9773,Obesity_Type_III
9774,Obesity_Type_II
9775,Obesity_Type_II
9776,Obesity_Type_II
9777,Obesity_Type_II
9778,Overweight_Level_I
9779,Obesity_Type_III
9780,Obesity_Type_II
9781,Insufficient_Weight
9782,Obesity_Type_II
9783,Obesity_Type_II
9784,Obesity_Type_I
9785,Obesity_Type_II
9786,Obesity_Type_III
9787,Insufficient_Weight
9788,Obesity_Type_III
9789,Overweight_Level_I
9790,Overweight_Level_I
9791,Overweight_Level_I
9792,Obesity_Type_II
9793,Obesity_Type_II
9794,Obesity_Type_II
9795,Insufficient_Weight
9796,Obesity_Type_II
9797,Normal_Weight
9798,Obesity_Type_III
9799,Obesity_Type_I
9800,Obesity_Type_III
9801,Obesity_Type_III
9802,Obesity_Type_II
9803,Obesity_Type_II
9804,Insufficient_Weight
9805,Obesity_Type_III
9806,Obesity_Type_III
9807,Obesity_Type_III
9808,Obesity_Type_III
9809,Obesity_Type_III
9810,Obesity_Type_II
9811,Overweight_Level_I
9812,Obesity_Type_III
9813,Obesity_Type_III
9814,Obesity_Type_II
9815,Obesity_Type_II
9816,Normal_Weight
9817,Obesity_Type_III
9818,Obesity_Type_III
9819,Obesity_Type_III
9820,Overweight_Level_I
9821,Overweight_Level_I
9822,Obesity_Type_III
9823,Obesity_Type_II
9824,Obesity_Type_III
9825,Obesity_Type_III
9826,Overweight_Level_I
9827,Obesity_Type_III
9828,Overweight_Level_I
9829,Obesity_Type_II
9830,Obesity_Type_III
9831,Overweight_Level_I
9832,Normal_Weight
9833,Obesity_Type_II
9834,Obesity_Type_III
9835,Insufficient_Weight
9836,Obesity_Type_II
9837,Obesity_Type_III
9838,Obesity_Type_III
9839,Insufficient_Weight
9840,Obesity_Type_II
9841,Overweight_Level_I
9842,Obesity_Type_I
9843,Obesity_Type_III
9844,Obesity_Type_III
9845,Insufficient_Weight
9846,Obesity_Type_III
9847,Overweight_Level_I
9848,Obesity_Type_III
9849,Normal_Weight
9850,Obesity_Type_III
9851,Overweight_Level_I
9852,Obesity_Type_II
9853,Obesity_Type_III
9854,Obesity_Type_III
9855,Obesity_Type_III
9856,Obesity_Type_III
9857,Obesity_Type_II
9858,Obesity_Type_II
9859,Obesity_Type_III
9860,Obesity_Type_II
9861,Obesity_Type_III
9862,Obesity_Type_II
9863,Insufficient_Weight
9864,Overweight_Level_I
9865,Overweight_Level_I
9866,Obesity_Type_II
9867,Obesity_Type_III
9868,Obesity_Type_II
9869,Obesity_Type_II
9870,Obesity_Type_III
9871,Obesity_Type_III
9872,Obesity_Type_III
9873,Obesity_Type_II
9874,Obesity_Type_III
9875,Insufficient_Weight
9876,Obesity_Type_II
9877,Obesity_Type_II
9878,Obesity_Type_II
9879,Obesity_Type_III
9880,Obesity_Type_III
9881,Obesity_Type_I
9882,Overweight_Level_I
9883,Insufficient_Weight
9884,Obesity_Type_II
9885,Obesity_Type_II
9886,Obesity_Type_III
9887,Obesity_Type_III
9888,Normal_Weight
9889,Obesity_Type_II
9890,Obesity_Type_III
9891,Obesity_Type_III
9892,Obesity_Type_II
9893,Obesity_Type_III
9894,Obesity_Type_II
9895,Obesity_Type_III
9896,Obesity_Type_II
9897,Normal_Weight
9898,Obesity_Type_II
9899,Obesity_Type_II
9900,Obesity_Type_II
9901,Insufficient_Weight
9902,Obesity_Type_II
9903,Obesity_Type_II
9904,Obesity_Type_III
9905,Obesity_Type_III
9906,Obesity_Type_II
9907,Overweight_Level_I
9908,Insufficient_Weight
9909,Insufficient_Weight
9910,Obesity_Type_II
9911,Overweight_Level_I
9912,Overweight_Level_I
9913,Obesity_Type_III
9914,Normal_Weight
9915,Obesity_Type_III
9916,Obesity_Type_II
9917,Insufficient_Weight
9918,Obesity_Type_I
9919,Insufficient_Weight
9920,Normal_Weight
9921,Obesity_Type_II
9922,Obesity_Type_III
9923,Insufficient_Weight
9924,Obesity_Type_II
9925,Obesity_Type_III
9926,Obesity_Type_II
9927,Obesity_Type_III
9928,Obesity_Type_III
9929,Obesity_Type_III
9930,Overweight_Level_I
9931,Obesity_Type_II
9932,Obesity_Type_III
9933,Obesity_Type_III
9934,Obesity_Type_III
9935,Overweight_Level_I
9936,Normal_Weight
9937,Obesity_Type_II
9938,Insufficient_Weight
9939,Obesity_Type_I
9940,Obesity_Type_III
9941,Obesity_Type_II
9942,Obesity_Type_III
9943,Insufficient_Weight
9944,Insufficient_Weight
9945,Obesity_Type_III
9946,Insufficient_Weight
9947,Normal_Weight
9948,Obesity_Type_II
9949,Obesity_Type_III
9950,Normal_Weight
9951,Obesity_Type_II
9952,Obesity_Type_II
9953,Obesity_Type_II
9954,Obesity_Type_III
9955,Obesity_Type_II
9956,Obesity_Type_III
9957,Overweight_Level_I
9958,Obesity_Type_II
9959,Obesity_Type_II
9960,Overweight_Level_I
9961,Overweight_Level_I
9962,Obesity_Type_II
9963,Obesity_Type_III
9964,Obesity_Type_I
9965,Obesity_Type_III
9966,Obesity_Type_III
9967,Obesity_Type_I
9968,Overweight_Level_I
9969,Obesity_Type_I
9970,Obesity_Type_II
9971,Overweight_Level_I
9972,Obesity_Type_I
9973,Obesity_Type_II
9974,Obesity_Type_III
9975,Obesity_Type_II
9976,Obesity_Type_II
9977,Overweight_Level_I
9978,Normal_Weight
9979,Obesity_Type_II
9980,Obesity_Type_I
9981,Obesity_Type_II
9982,Overweight_Level_I
9983,Obesity_Type_III
9984,Obesity_Type_II
9985,Overweight_Level_I
9986,Overweight_Level_I
9987,Obesity_Type_III
9988,Normal_Weight
9989,Obesity_Type_II
9990,Obesity_Type_III
9991,Insufficient_Weight
9992,Insufficient_Weight
9993,Obesity_Type_III
9994,Insufficient_Weight
9995,Obesity_Type_II
9996,Obesity_Type_III
9997,Normal_Weight
9998,Obesity_Type_II
9999,Normal_Weight
10000,Obesity_Type_II
10001,Normal_Weight
10002,Normal_Weight
10003,Obesity_Type_III
10004,Overweight_Level_I
10005,Obesity_Type_II
10006,Obesity_Type_I
10007,Obesity_Type_III
10008,Obesity_Type_II
10009,Insufficient_Weight
10010,Obesity_Type_II
10011,Obesity_Type_III
10012,Obesity_Type_III
10013,Obesity_Type_II
10014,Obesity_Type_II
10015,Obesity_Type_II
10016,Obesity_Type_II
10017,Normal_Weight
10018,Insufficient_Weight
10019,Obesity_Type_II
10020,Obesity_Type_III
10021,Obesity_Type_II
10022,Obesity_Type_II
10023,Obesity_Type_I
10024,Obesity_Type_III
10025,Obesity_Type_II
10026,Obesity_Type_II
10027,Normal_Weight
10028,Obesity_Type_III
10029,Obesity_Type_II
10030,Obesity_Type_III
10031,Obesity_Type_II
10032,Obesity_Type_II
10033,Insufficient_Weight
10034,Obesity_Type_II
10035,Normal_Weight
10036,Obesity_Type_III
10037,Normal_Weight
10038,Obesity_Type_II
10039,Overweight_Level_I
10040,Obesity_Type_II
10041,Obesity_Type_III
10042,Obesity_Type_III
10043,Insufficient_Weight
10044,Obesity_Type_III
10045,Obesity_Type_II
10046,Obesity_Type_III
10047,Obesity_Type_III
10048,Obesity_Type_II
10049,Insufficient_Weight
10050,Insufficient_Weight
10051,Insufficient_Weight
10052,Insufficient_Weight
10053,Obesity_Type_I
10054,Obesity_Type_II
10055,Overweight_Level_I
10056,Obesity_Type_I
10057,Obesity_Type_II
10058,Obesity_Type_III
10059,Overweight_Level_I
10060,Overweight_Level_I
10061,Overweight_Level_I
10062,Normal_Weight
10063,Obesity_Type_III
10064,Obesity_Type_II
10065,Obesity_Type_II
10066,Overweight_Level_I
10067,Obesity_Type_III
10068,Obesity_Type_II
10069,Insufficient_Weight
10070,Normal_Weight
10071,Overweight_Level_I
10072,Obesity_Type_II
10073,Obesity_Type_III
10074,Obesity_Type_III
10075,Obesity_Type_III
10076,Obesity_Type_II
10077,Overweight_Level_I
10078,Overweight_Level_I
10079,Insufficient_Weight
10080,Overweight_Level_I
10081,Insufficient_Weight
10082,Insufficient_Weight
10083,Obesity_Type_III
10084,Obesity_Type_II
10085,Normal_Weight
10086,Overweight_Level_I
10087,Obesity_Type_II
10088,Obesity_Type_II
10089,Obesity_Type_III
10090,Normal_Weight
10091,Obesity_Type_III
10092,Obesity_Type_III
10093,Obesity_Type_III
10094,Obesity_Type_III
10095,Obesity_Type_III
10096,Obesity_Type_III
10097,Overweight_Level_I
10098,Obesity_Type_II
10099,Obesity_Type_II
10100,Obesity_Type_II
10101,Obesity_Type_II
10102,Obesity_Type_III
10103,Obesity_Type_III
10104,Insufficient_Weight
10105,Obesity_Type_II
10106,Obesity_Type_III
10107,Insufficient_Weight
10108,Insufficient_Weight
10109,Obesity_Type_II
10110,Obesity_Type_III
10111,Overweight_Level_I
10112,Insufficient_Weight
10113,Obesity_Type_III
10114,Obesity_Type_II
10115,Insufficient_Weight
10116,Obesity_Type_II
10117,Overweight_Level_I
10118,Obesity_Type_III
10119,Obesity_Type_III
10120,Obesity_Type_II
10121,Obesity_Type_II
10122,Obesity_Type_III
10123,Obesity_Type_II
10124,Overweight_Level_I
10125,Overweight_Level_I
10126,Overweight_Level_I
10127,Obesity_Type_III
10128,Insufficient_Weight
10129,Obesity_Type_II
10130,Overweight_Level_I
10131,Obesity_Type_III
10132,Overweight_Level_I
10133,Obesity_Type_III
10134,Insufficient_Weight
10135,Obesity_Type_III
10136,Insufficient_Weight
10137,Obesity_Type_II
10138,Obesity_Type_II
10139,Normal_Weight
10140,Obesity_Type_II
10141,Obesity_Type_III
10142,Obesity_Type_II
10143,Normal_Weight
10144,Normal_Weight
10145,Obesity_Type_II
10146,Obesity_Type_II
10147,Obesity_Type_II
10148,Obesity_Type_III
10149,Overweight_Level_I
10150,Obesity_Type_II
10151,Insufficient_Weight
10152,Obesity_Type_II
10153,Obesity_Type_III
10154,Obesity_Type_II
10155,Insufficient_Weight
10156,Normal_Weight
10157,Obesity_Type_III
10158,Overweight_Level_I
10159,Obesity_Type_II
10160,Obesity_Type_II
10161,Obesity_Type_II
10162,Insufficient_Weight
10163,Overweight_Level_I
10164,Obesity_Type_III
10165,Obesity_Type_II
10166,Obesity_Type_III
10167,Obesity_Type_III
10168,Obesity_Type_III
10169,Obesity_Type_II
10170,Insufficient_Weight
10171,Obesity_Type_II
10172,Insufficient_Weight
10173,Insufficient_Weight
10174,Obesity_Type_III
10175,Obesity_Type_II
10176,Obesity_Type_II
10177,Normal_Weight
10178,Overweight_Level_I
10179,Overweight_Level_I
10180,Obesity_Type_II
10181,Insufficient_Weight
10182,Obesity_Type_II
10183,Insufficient_Weight
10184,Obesity_Type_I
10185,Insufficient_Weight
10186,Obesity_Type_III
10187,Normal_Weight
10188,Overweight_Level_I
10189,Obesity_Type_III
10190,Overweight_Level_I
10191,Obesity_Type_II
10192,Overweight_Level_I
10193,Obesity_Type_III
10194,Obesity_Type_III
10195,Obesity_Type_II
10196,Normal_Weight
10197,Obesity_Type_I
10198,Obesity_Type_II
10199,Obesity_Type_II
10200,Obesity_Type_II
10201,Insufficient_Weight
10202,Obesity_Type_II
10203,Insufficient_Weight
10204,Obesity_Type_II
10205,Obesity_Type_III
10206,Overweight_Level_I
10207,Normal_Weight
10208,Overweight_Level_I
10209,Obesity_Type_II
10210,Insufficient_Weight
10211,Overweight_Level_I
10212,Obesity_Type_II
10213,Obesity_Type_III
10214,Obesity_Type_II
10215,Obesity_Type_II
10216,Obesity_Type_III
10217,Obesity_Type_II
10218,Obesity_Type_II
10219,Normal_Weight
10220,Obesity_Type_II
10221,Obesity_Type_II
10222,Obesity_Type_III
10223,Obesity_Type_II
10224,Obesity_Type_III
10225,Obesity_Type_II
10226,Overweight_Level_I
10227,Obesity_Type_II
10228,Obesity_Type_II
10229,Overweight_Level_I
10230,Obesity_Type_II
10231,Obesity_Type_III
10232,Obesity_Type_I
10233,Obesity_Type_II
10234,Obesity_Type_III
10235,Obesity_Type_III
10236,Normal_Weight
10237,Overweight_Level_I
10238,Obesity_Type_III
10239,Insufficient_Weight
10240,Obesity_Type_II
10241,Normal_Weight
10242,Insufficient_Weight
10243,Obesity_Type_III
10244,Normal_Weight
10245,Obesity_Type_III
10246,Obesity_Type_III
10247,Normal_Weight
10248,Obesity_Type_III
10249,Obesity_Type_II
10250,Insufficient_Weight
10251,Insufficient_Weight
10252,Overweight_Level_I
10253,Obesity_Type_III
10254,Obesity_Type_II
10255,Obesity_Type_III
10256,Insufficient_Weight
10257,Obesity_Type_II
10258,Obesity_Type_II
10259,Obesity_Type_II
10260,Obesity_Type_II
10261,Obesity_Type_II
10262,Obesity_Type_II
10263,Obesity_Type_I
10264,Obesity_Type_III
10265,Overweight_Level_I
10266,Normal_Weight
10267,Insufficient_Weight
10268,Obesity_Type_III
10269,Obesity_Type_II
10270,Insufficient_Weight
10271,Normal_Weight
10272,Obesity_Type_II
10273,Obesity_Type_II
10274,Overweight_Level_I
10275,Obesity_Type_III
10276,Obesity_Type_II
10277,Obesity_Type_III
10278,Obesity_Type_II
10279,Obesity_Type_III
10280,Obesity_Type_II
10281,Obesity_Type_I
10282,Overweight_Level_I
10283,Obesity_Type_III
10284,Obesity_Type_III
10285,Overweight_Level_I
10286,Insufficient_Weight
10287,Obesity_Type_II
10288,Obesity_Type_III
10289,Obesity_Type_III
10290,Obesity_Type_III
10291,Overweight_Level_I
10292,Obesity_Type_III
10293,Obesity_Type_I
10294,Obesity_Type_II
10295,Obesity_Type_II
10296,Obesity_Type_II
10297,Insufficient_Weight
10298,Insufficient_Weight
10299,Obesity_Type_I
10300,Insufficient_Weight
10301,Obesity_Type_III
10302,Obesity_Type_II
10303,Obesity_Type_II
10304,Normal_Weight
10305,Obesity_Type_II
10306,Obesity_Type_III
10307,Obesity_Type_I
10308,Obesity_Type_I
10309,Overweight_Level_I
10310,Insufficient_Weight
10311,Obesity_Type_I
10312,Obesity_Type_III
10313,Obesity_Type_II
10314,Obesity_Type_II
10315,Normal_Weight
10316,Insufficient_Weight
10317,Normal_Weight
10318,Overweight_Level_I
10319,Overweight_Level_I
10320,Obesity_Type_III
10321,Obesity_Type_III
10322,Obesity_Type_II
10323,Obesity_Type_III
10324,Insufficient_Weight
10325,Overweight_Level_I
10326,Obesity_Type_III
10327,Obesity_Type_III
10328,Obesity_Type_II
10329,Obesity_Type_II
10330,Obesity_Type_III
10331,Obesity_Type_III
10332,Obesity_Type_II
10333,Obesity_Type_II
10334,Overweight_Level_I
10335,Obesity_Type_II
10336,Obesity_Type_III
10337,Obesity_Type_III
10338,Normal_Weight
10339,Normal_Weight
10340,Obesity_Type_II
10341,Overweight_Level_I
10342,Insufficient_Weight
10343,Overweight_Level_I
10344,Overweight_Level_I
10345,Obesity_Type_II
10346,Obesity_Type_III
10347,Insufficient_Weight
10348,Obesity_Type_III
10349,Obesity_Type_I
10350,Obesity_Type_II
10351,Obesity_Type_II
10352,Obesity_Type_III
10353,Obesity_Type_III
10354,Obesity_Type_III
10355,Obesity_Type_I
10356,Obesity_Type_III
10357,Obesity_Type_II
10358,Obesity_Type_II
10359,Obesity_Type_III
10360,Insufficient_Weight
10361,Normal_Weight
10362,Obesity_Type_II
10363,Obesity_Type_III
10364,Insufficient_Weight
10365,Obesity_Type_II
10366,Obesity_Type_II
10367,Obesity_Type_III
10368,Obesity_Type_III
10369,Obesity_Type_II
10370,Obesity_Type_III
10371,Overweight_Level_I
10372,Obesity_Type_II
10373,Obesity_Type_III
10374,Obesity_Type_II
10375,Obesity_Type_III
10376,Obesity_Type_III
10377,Obesity_Type_I
10378,Obesity_Type_III
10379,Overweight_Level_I
10380,Normal_Weight
10381,Obesity_Type_II
10382,Overweight_Level_I
10383,Overweight_Level_I
10384,Obesity_Type_III
10385,Obesity_Type_II
10386,Obesity_Type_III
10387,Insufficient_Weight
10388,Obesity_Type_III
10389,Obesity_Type_II
10390,Obesity_Type_II
10391,Insufficient_Weight
10392,Insufficient_Weight
10393,Normal_Weight
10394,Obesity_Type_II
10395,Insufficient_Weight
10396,Obesity_Type_III
10397,Obesity_Type_II
10398,Obesity_Type_II
10399,Insufficient_Weight
10400,Insufficient_Weight
10401,Obesity_Type_III
10402,Obesity_Type_II
10403,Insufficient_Weight
10404,Normal_Weight
10405,Insufficient_Weight
10406,Normal_Weight
10407,Obesity_Type_III
10408,Overweight_Level_I
10409,Obesity_Type_I
10410,Obesity_Type_II
10411,Obesity_Type_II
10412,Overweight_Level_I
10413,Obesity_Type_III
10414,Overweight_Level_I
10415,Obesity_Type_II
10416,Obesity_Type_II
10417,Obesity_Type_II
10418,Obesity_Type_III
10419,Overweight_Level_I
10420,Obesity_Type_II
10421,Normal_Weight
10422,Obesity_Type_II
10423,Obesity_Type_III
10424,Obesity_Type_II
10425,Obesity_Type_III
10426,Insufficient_Weight
10427,Obesity_Type_III
10428,Obesity_Type_II
10429,Normal_Weight
10430,Obesity_Type_III
10431,Normal_Weight
10432,Obesity_Type_II
10433,Obesity_Type_III
10434,Overweight_Level_I
10435,Obesity_Type_II
10436,Overweight_Level_I
10437,Obesity_Type_III
10438,Obesity_Type_I
10439,Normal_Weight
10440,Obesity_Type_III
10441,Obesity_Type_II
10442,Obesity_Type_III
10443,Overweight_Level_I
10444,Insufficient_Weight
10445,Normal_Weight
10446,Obesity_Type_III
10447,Obesity_Type_III
10448,Insufficient_Weight
10449,Obesity_Type_III
10450,Normal_Weight
10451,Obesity_Type_III
10452,Overweight_Level_I
10453,Overweight_Level_I
10454,Normal_Weight
10455,Obesity_Type_II
10456,Obesity_Type_II
10457,Obesity_Type_II
10458,Obesity_Type_III
10459,Overweight_Level_I
10460,Obesity_Type_II
10461,Normal_Weight
10462,Obesity_Type_III
10463,Insufficient_Weight
10464,Insufficient_Weight
10465,Obesity_Type_II
10466,Insufficient_Weight
10467,Overweight_Level_I
10468,Insufficient_Weight
10469,Overweight_Level_I
10470,Normal_Weight
10471,Obesity_Type_II
10472,Obesity_Type_III
10473,Obesity_Type_III
10474,Obesity_Type_II
10475,Insufficient_Weight
10476,Obesity_Type_II
10477,Normal_Weight
10478,Obesity_Type_II
10479,Insufficient_Weight
10480,Obesity_Type_I
10481,Obesity_Type_I
10482,Obesity_Type_II
10483,Overweight_Level_I
10484,Obesity_Type_II
10485,Obesity_Type_III
10486,Overweight_Level_I
10487,Normal_Weight
10488,Obesity_Type_II
10489,Normal_Weight
10490,Obesity_Type_III
10491,Obesity_Type_II
10492,Obesity_Type_III
10493,Obesity_Type_II
10494,Insufficient_Weight
10495,Insufficient_Weight
10496,Obesity_Type_II
10497,Normal_Weight
10498,Obesity_Type_II
10499,Insufficient_Weight
10500,Obesity_Type_II
10501,Obesity_Type_II
10502,Obesity_Type_III
10503,Obesity_Type_II
10504,Obesity_Type_II
10505,Insufficient_Weight
10506,Obesity_Type_III
10507,Normal_Weight
10508,Overweight_Level_I
10509,Obesity_Type_II
10510,Obesity_Type_II
10511,Obesity_Type_III
10512,Obesity_Type_II
10513,Obesity_Type_I
10514,Insufficient_Weight
10515,Obesity_Type_II
10516,Obesity_Type_II
10517,Obesity_Type_II
10518,Obesity_Type_II
10519,Obesity_Type_II
10520,Obesity_Type_III
10521,Obesity_Type_III
10522,Overweight_Level_I
10523,Obesity_Type_II
10524,Obesity_Type_II
10525,Obesity_Type_II
10526,Obesity_Type_I
10527,Obesity_Type_III
10528,Overweight_Level_I
10529,Insufficient_Weight
10530,Obesity_Type_III
10531,Insufficient_Weight
10532,Overweight_Level_I
10533,Insufficient_Weight
10534,Obesity_Type_III
10535,Normal_Weight
10536,Obesity_Type_III
10537,Obesity_Type_II
10538,Overweight_Level_I
10539,Obesity_Type_II
10540,Obesity_Type_III
10541,Insufficient_Weight
10542,Normal_Weight
10543,Obesity_Type_I
10544,Insufficient_Weight
10545,Obesity_Type_II
10546,Obesity_Type_II
10547,Insufficient_Weight
10548,Normal_Weight
10549,Overweight_Level_I
10550,Obesity_Type_II
10551,Obesity_Type_II
10552,Normal_Weight
10553,Obesity_Type_III
10554,Obesity_Type_II
10555,Obesity_Type_II
10556,Insufficient_Weight
10557,Obesity_Type_I
10558,Obesity_Type_II
10559,Obesity_Type_II
10560,Obesity_Type_III
10561,Overweight_Level_I
10562,Overweight_Level_I
10563,Insufficient_Weight
10564,Overweight_Level_I
10565,Obesity_Type_II
10566,Obesity_Type_II
10567,Obesity_Type_III
10568,Obesity_Type_II
10569,Obesity_Type_II
10570,Insufficient_Weight
10571,Obesity_Type_III
10572,Obesity_Type_II
10573,Overweight_Level_I
10574,Normal_Weight
10575,Obesity_Type_III
10576,Normal_Weight
10577,Overweight_Level_I
10578,Obesity_Type_III
10579,Overweight_Level_I
10580,Obesity_Type_I
10581,Obesity_Type_III
10582,Obesity_Type_III
10583,Insufficient_Weight
10584,Obesity_Type_III
10585,Insufficient_Weight
10586,Normal_Weight
10587,Insufficient_Weight
10588,Obesity_Type_III
10589,Obesity_Type_III
10590,Obesity_Type_I
10591,Obesity_Type_III
10592,Obesity_Type_III
10593,Obesity_Type_III
10594,Overweight_Level_I
10595,Insufficient_Weight
10596,Obesity_Type_II
10597,Overweight_Level_I
10598,Normal_Weight
10599,Insufficient_Weight
10600,Insufficient_Weight
10601,Overweight_Level_I
10602,Obesity_Type_III
10603,Obesity_Type_II
10604,Obesity_Type_II
10605,Obesity_Type_I
10606,Obesity_Type_III
10607,Obesity_Type_II
10608,Obesity_Type_II
10609,Obesity_Type_I
10610,Normal_Weight
10611,Obesity_Type_II
10612,Insufficient_Weight
10613,Obesity_Type_III
10614,Insufficient_Weight
10615,Obesity_Type_III
10616,Obesity_Type_II
10617,Obesity_Type_III
10618,Normal_Weight
10619,Normal_Weight
10620,Obesity_Type_III
10621,Obesity_Type_II
10622,Normal_Weight
10623,Obesity_Type_II
10624,Obesity_Type_III
10625,Obesity_Type_II
10626,Obesity_Type_II
10627,Obesity_Type_II
10628,Obesity_Type_III
10629,Obesity_Type_II
10630,Obesity_Type_II
10631,Obesity_Type_II
10632,Obesity_Type_II
10633,Obesity_Type_III
10634,Obesity_Type_III
10635,Obesity_Type_II
10636,Obesity_Type_II
10637,Overweight_Level_I
10638,Insufficient_Weight
10639,Obesity_Type_II
10640,Obesity_Type_III
10641,Obesity_Type_III
10642,Obesity_Type_II
10643,Obesity_Type_I
10644,Obesity_Type_III
10645,Obesity_Type_II
10646,Obesity_Type_I
10647,Obesity_Type_II
10648,Obesity_Type_II
10649,Obesity_Type_II
10650,Overweight_Level_I
10651,Normal_Weight
10652,Insufficient_Weight
10653,Insufficient_Weight
10654,Obesity_Type_II
10655,Obesity_Type_II
10656,Insufficient_Weight
10657,Insufficient_Weight
10658,Obesity_Type_II
10659,Insufficient_Weight
10660,Overweight_Level_I
10661,Obesity_Type_II
10662,Obesity_Type_II
10663,Obesity_Type_II
10664,Obesity_Type_I
10665,Obesity_Type_II
10666,Obesity_Type_III
10667,Obesity_Type_III
10668,Obesity_Type_III
10669,Insufficient_Weight
10670,Obesity_Type_I
10671,Obesity_Type_III
10672,Obesity_Type_II
10673,Obesity_Type_III
10674,Insufficient_Weight
10675,Overweight_Level_I
10676,Obesity_Type_III
10677,Insufficient_Weight
10678,Obesity_Type_II
10679,Obesity_Type_II
10680,Obesity_Type_III
10681,Obesity_Type_I
10682,Normal_Weight
10683,Obesity_Type_II
10684,Obesity_Type_III
10685,Obesity_Type_III
10686,Obesity_Type_III
10687,Obesity_Type_II
10688,Obesity_Type_II
10689,Obesity_Type_II
10690,Insufficient_Weight
10691,Insufficient_Weight
10692,Obesity_Type_III
10693,Normal_Weight
10694,Normal_Weight
10695,Obesity_Type_II
10696,Obesity_Type_II
10697,Obesity_Type_II
10698,Insufficient_Weight
10699,Insufficient_Weight
10700,Obesity_Type_II
10701,Obesity_Type_III
10702,Obesity_Type_III
10703,Obesity_Type_II
10704,Normal_Weight
10705,Normal_Weight
10706,Overweight_Level_I
10707,Obesity_Type_II
10708,Obesity_Type_II
10709,Obesity_Type_II
10710,Obesity_Type_III
10711,Obesity_Type_II
10712,Obesity_Type_II
10713,Obesity_Type_III
10714,Obesity_Type_II
10715,Obesity_Type_II
10716,Normal_Weight
10717,Overweight_Level_I
10718,Insufficient_Weight
10719,Insufficient_Weight
10720,Obesity_Type_II
10721,Obesity_Type_II
10722,Insufficient_Weight
10723,Obesity_Type_III
10724,Obesity_Type_II
10725,Obesity_Type_III
10726,Obesity_Type_III
10727,Obesity_Type_II
10728,Obesity_Type_II
10729,Obesity_Type_II
10730,Obesity_Type_II
10731,Obesity_Type_III
10732,Obesity_Type_II
10733,Obesity_Type_III
10734,Obesity_Type_I
10735,Obesity_Type_III
10736,Insufficient_Weight
10737,Obesity_Type_III
10738,Obesity_Type_II
10739,Obesity_Type_III
10740,Normal_Weight
10741,Insufficient_Weight
10742,Obesity_Type_II
10743,Obesity_Type_II
10744,Obesity_Type_II
10745,Obesity_Type_III
10746,Obesity_Type_III
10747,Overweight_Level_I
10748,Obesity_Type_II
10749,Obesity_Type_II
10750,Normal_Weight
10751,Insufficient_Weight
10752,Obesity_Type_III
10753,Obesity_Type_III
10754,Insufficient_Weight
10755,Overweight_Level_I
10756,Normal_Weight
10757,Normal_Weight
10758,Obesity_Type_II
10759,Obesity_Type_III
10760,Overweight_Level_I
10761,Obesity_Type_III
10762,Obesity_Type_II
10763,Obesity_Type_III
10764,Normal_Weight
10765,Insufficient_Weight
10766,Obesity_Type_III
10767,Normal_Weight
10768,Obesity_Type_II
10769,Obesity_Type_III
10770,Obesity_Type_III
10771,Obesity_Type_III
10772,Obesity_Type_III
10773,Insufficient_Weight
10774,Insufficient_Weight
10775,Obesity_Type_III
10776,Overweight_Level_I
10777,Insufficient_Weight
10778,Obesity_Type_II
10779,Obesity_Type_I
10780,Insufficient_Weight
10781,Obesity_Type_III
10782,Obesity_Type_III
10783,Obesity_Type_II
10784,Insufficient_Weight
10785,Obesity_Type_III
10786,Obesity_Type_II
10787,Insufficient_Weight
10788,Overweight_Level_I
10789,Insufficient_Weight
10790,Obesity_Type_III
10791,Insufficient_Weight
10792,Obesity_Type_II
10793,Obesity_Type_I
10794,Normal_Weight
10795,Obesity_Type_I
10796,Obesity_Type_III
10797,Obesity_Type_III
10798,Overweight_Level_I
10799,Overweight_Level_I
10800,Obesity_Type_III
10801,Insufficient_Weight
10802,Insufficient_Weight
10803,Obesity_Type_II
10804,Obesity_Type_II
10805,Obesity_Type_III
10806,Obesity_Type_II
10807,Obesity_Type_II
10808,Insufficient_Weight
10809,Obesity_Type_II
10810,Obesity_Type_III
10811,Obesity_Type_III
10812,Obesity_Type_II
10813,Obesity_Type_II
10814,Obesity_Type_II
10815,Obesity_Type_II
10816,Obesity_Type_II
10817,Obesity_Type_II
10818,Obesity_Type_III
10819,Obesity_Type_II
10820,Insufficient_Weight
10821,Obesity_Type_III
10822,Obesity_Type_II
10823,Normal_Weight
10824,Overweight_Level_I
10825,Obesity_Type_III
10826,Obesity_Type_II
10827,Obesity_Type_III
10828,Obesity_Type_III
10829,Normal_Weight
10830,Obesity_Type_III
10831,Normal_Weight
10832,Overweight_Level_I
10833,Obesity_Type_II
10834,Obesity_Type_II
10835,Obesity_Type_I
10836,Overweight_Level_I
10837,Obesity_Type_II
10838,Obesity_Type_II
10839,Obesity_Type_I
10840,Insufficient_Weight
10841,Obesity_Type_II
10842,Normal_Weight
10843,Insufficient_Weight
10844,Obesity_Type_II
10845,Obesity_Type_III
10846,Obesity_Type_II
10847,Obesity_Type_III
10848,Insufficient_Weight
10849,Overweight_Level_I
10850,Insufficient_Weight
10851,Obesity_Type_III
10852,Obesity_Type_III
10853,Obesity_Type_III
10854,Overweight_Level_I
10855,Normal_Weight
10856,Obesity_Type_II
10857,Overweight_Level_I
10858,Normal_Weight
10859,Normal_Weight
10860,Obesity_Type_II
10861,Obesity_Type_II
10862,Normal_Weight
10863,Overweight_Level_I
10864,Obesity_Type_III
10865,Obesity_Type_II
10866,Obesity_Type_II
10867,Obesity_Type_II
10868,Insufficient_Weight
10869,Obesity_Type_II
10870,Obesity_Type_III
10871,Insufficient_Weight
10872,Normal_Weight
10873,Insufficient_Weight
10874,Obesity_Type_II
10875,Obesity_Type_II
10876,Obesity_Type_III
10877,Overweight_Level_I
10878,Overweight_Level_I
10879,Insufficient_Weight
10880,Obesity_Type_III
10881,Obesity_Type_II
10882,Normal_Weight
10883,Normal_Weight
10884,Obesity_Type_II
10885,Obesity_Type_II
10886,Obesity_Type_III
10887,Obesity_Type_II
10888,Obesity_Type_III
10889,Obesity_Type_III
10890,Overweight_Level_I
10891,Normal_Weight
10892,Obesity_Type_II
10893,Obesity_Type_II
10894,Obesity_Type_II
10895,Obesity_Type_III
10896,Obesity_Type_III
10897,Obesity_Type_III
10898,Insufficient_Weight
10899,Obesity_Type_II
10900,Obesity_Type_III
10901,Insufficient_Weight
10902,Obesity_Type_III
10903,Obesity_Type_III
10904,Overweight_Level_I
10905,Obesity_Type_II
10906,Obesity_Type_II
10907,Obesity_Type_III
10908,Overweight_Level_I
10909,Obesity_Type_II
10910,Obesity_Type_II
10911,Obesity_Type_III
10912,Obesity_Type_II
10913,Obesity_Type_II
10914,Overweight_Level_I
10915,Overweight_Level_I
10916,Obesity_Type_III
10917,Overweight_Level_I
10918,Obesity_Type_II
10919,Obesity_Type_III
10920,Normal_Weight
10921,Overweight_Level_I
10922,Obesity_Type_III
10923,Obesity_Type_III
10924,Obesity_Type_II
10925,Obesity_Type_II
10926,Normal_Weight
10927,Obesity_Type_I
10928,Obesity_Type_III
10929,Overweight_Level_I
10930,Overweight_Level_I
10931,Obesity_Type_III
10932,Obesity_Type_II
10933,Obesity_Type_II
10934,Overweight_Level_I
10935,Obesity_Type_II
10936,Overweight_Level_I
10937,Obesity_Type_II
10938,Insufficient_Weight
10939,Obesity_Type_II
10940,Insufficient_Weight
10941,Normal_Weight
10942,Obesity_Type_II
10943,Insufficient_Weight
10944,Obesity_Type_III
10945,Obesity_Type_III
10946,Insufficient_Weight
10947,Obesity_Type_III
10948,Obesity_Type_II
10949,Insufficient_Weight
10950,Obesity_Type_I
10951,Obesity_Type_II
10952,Obesity_Type_II
10953,Insufficient_Weight
10954,Obesity_Type_II
10955,Insufficient_Weight
10956,Obesity_Type_III
10957,Obesity_Type_III
10958,Obesity_Type_III
10959,Obesity_Type_III
10960,Obesity_Type_II
10961,Obesity_Type_III
10962,Obesity_Type_II
10963,Insufficient_Weight
10964,Obesity_Type_II
10965,Overweight_Level_I
10966,Insufficient_Weight
10967,Obesity_Type_II
10968,Insufficient_Weight
10969,Insufficient_Weight
10970,Obesity_Type_II
10971,Obesity_Type_II
10972,Obesity_Type_I
10973,Obesity_Type_III
10974,Obesity_Type_II
10975,Obesity_Type_III
10976,Normal_Weight
10977,Obesity_Type_III
10978,Overweight_Level_I
10979,Obesity_Type_II
10980,Obesity_Type_II
10981,Overweight_Level_I
10982,Obesity_Type_II
10983,Obesity_Type_III
10984,Insufficient_Weight
10985,Obesity_Type_II
10986,Overweight_Level_I
10987,Normal_Weight
10988,Obesity_Type_II
10989,Insufficient_Weight
10990,Obesity_Type_III
10991,Obesity_Type_II
10992,Normal_Weight
10993,Obesity_Type_I
10994,Obesity_Type_III
10995,Obesity_Type_II
10996,Obesity_Type_II
10997,Obesity_Type_I
10998,Obesity_Type_III
10999,Obesity_Type_II
11000,Insufficient_Weight
11001,Obesity_Type_II
11002,Insufficient_Weight
11003,Obesity_Type_III
11004,Overweight_Level_I
11005,Insufficient_Weight
11006,Obesity_Type_III
11007,Obesity_Type_III
11008,Overweight_Level_I
11009,Normal_Weight
11010,Obesity_Type_I
11011,Obesity_Type_III
11012,Overweight_Level_I
11013,Obesity_Type_II
11014,Obesity_Type_II
11015,Obesity_Type_II
11016,Obesity_Type_III
11017,Obesity_Type_III
11018,Obesity_Type_III
11019,Obesity_Type_II
11020,Obesity_Type_II
11021,Obesity_Type_II
11022,Obesity_Type_II
11023,Obesity_Type_III
11024,Obesity_Type_II
11025,Obesity_Type_I
11026,Obesity_Type_III
11027,Overweight_Level_I
11028,Obesity_Type_III
11029,Overweight_Level_I
11030,Normal_Weight
11031,Insufficient_Weight
11032,Obesity_Type_II
11033,Obesity_Type_III
11034,Obesity_Type_II
11035,Obesity_Type_II
11036,Obesity_Type_II
11037,Obesity_Type_III
11038,Insufficient_Weight
11039,Obesity_Type_II
11040,Obesity_Type_III
11041,Obesity_Type_II
11042,Obesity_Type_I
11043,Obesity_Type_I
11044,Overweight_Level_I
11045,Obesity_Type_II
11046,Normal_Weight
11047,Obesity_Type_II
11048,Obesity_Type_II
11049,Overweight_Level_I
11050,Obesity_Type_III
11051,Obesity_Type_II
11052,Obesity_Type_III
11053,Obesity_Type_II
11054,Overweight_Level_I
11055,Normal_Weight
11056,Overweight_Level_I
11057,Obesity_Type_III
11058,Obesity_Type_II
11059,Obesity_Type_III
11060,Overweight_Level_II
11061,Obesity_Type_III
11062,Obesity_Type_II
11063,Obesity_Type_III
11064,Obesity_Type_III
11065,Insufficient_Weight
11066,Overweight_Level_I
11067,Overweight_Level_I
11068,Obesity_Type_II
11069,Obesity_Type_II
11070,Obesity_Type_III
11071,Obesity_Type_III
11072,Obesity_Type_I
11073,Obesity_Type_III
11074,Normal_Weight
11075,Insufficient_Weight
11076,Obesity_Type_II
11077,Overweight_Level_I
11078,Normal_Weight
11079,Overweight_Level_I
11080,Insufficient_Weight
11081,Obesity_Type_I
11082,Obesity_Type_III
11083,Normal_Weight
11084,Obesity_Type_I
11085,Obesity_Type_III
11086,Obesity_Type_II
11087,Overweight_Level_I
11088,Obesity_Type_II
11089,Overweight_Level_I
11090,Overweight_Level_I
11091,Normal_Weight
11092,Insufficient_Weight
11093,Normal_Weight
11094,Overweight_Level_I
11095,Obesity_Type_III
11096,Obesity_Type_I
11097,Obesity_Type_II
11098,Obesity_Type_II
11099,Obesity_Type_I
11100,Insufficient_Weight
11101,Obesity_Type_III
11102,Obesity_Type_III
11103,Overweight_Level_I
11104,Obesity_Type_III
11105,Obesity_Type_II
11106,Insufficient_Weight
11107,Obesity_Type_III
11108,Overweight_Level_I
11109,Overweight_Level_I
11110,Insufficient_Weight
11111,Overweight_Level_I
11112,Obesity_Type_II
11113,Obesity_Type_II
11114,Obesity_Type_III
11115,Obesity_Type_III
11116,Obesity_Type_II
11117,Obesity_Type_II
11118,Obesity_Type_III
11119,Obesity_Type_I
11120,Obesity_Type_II
11121,Obesity_Type_III
11122,Obesity_Type_II
11123,Obesity_Type_I
11124,Obesity_Type_III
11125,Obesity_Type_III
11126,Obesity_Type_II
11127,Obesity_Type_III
11128,Obesity_Type_III
11129,Obesity_Type_II
11130,Overweight_Level_I
11131,Normal_Weight
11132,Obesity_Type_III
11133,Obesity_Type_III
11134,Overweight_Level_I
11135,Normal_Weight
11136,Obesity_Type_III
11137,Obesity_Type_II
11138,Insufficient_Weight
11139,Obesity_Type_II
11140,Obesity_Type_II
11141,Obesity_Type_I
11142,Obesity_Type_II
11143,Obesity_Type_II
11144,Insufficient_Weight
11145,Obesity_Type_III
11146,Obesity_Type_III
11147,Obesity_Type_II
11148,Obesity_Type_III
11149,Obesity_Type_II
11150,Obesity_Type_II
11151,Insufficient_Weight
11152,Obesity_Type_II
11153,Obesity_Type_III
11154,Overweight_Level_I
11155,Obesity_Type_II
11156,Obesity_Type_II
11157,Obesity_Type_III
11158,Obesity_Type_II
11159,Obesity_Type_III
11160,Normal_Weight
11161,Obesity_Type_II
11162,Insufficient_Weight
11163,Obesity_Type_III
11164,Obesity_Type_II
11165,Obesity_Type_III
11166,Normal_Weight
11167,Obesity_Type_II
11168,Obesity_Type_III
11169,Obesity_Type_III
11170,Obesity_Type_III
11171,Obesity_Type_II
11172,Overweight_Level_I
11173,Obesity_Type_III
11174,Normal_Weight
11175,Obesity_Type_III
11176,Obesity_Type_I
11177,Obesity_Type_II
11178,Obesity_Type_II
11179,Overweight_Level_I
11180,Obesity_Type_III
11181,Insufficient_Weight
11182,Obesity_Type_III
11183,Obesity_Type_III
11184,Obesity_Type_III
11185,Obesity_Type_II
11186,Obesity_Type_II
11187,Obesity_Type_II
11188,Obesity_Type_II
11189,Obesity_Type_III
11190,Obesity_Type_II
11191,Obesity_Type_III
11192,Obesity_Type_II
11193,Overweight_Level_I
11194,Obesity_Type_II
11195,Normal_Weight
11196,Obesity_Type_III
11197,Obesity_Type_III
11198,Normal_Weight
11199,Obesity_Type_II
11200,Overweight_Level_I
11201,Obesity_Type_I
11202,Obesity_Type_II
11203,Obesity_Type_II
11204,Obesity_Type_II
11205,Obesity_Type_II
11206,Insufficient_Weight
11207,Obesity_Type_III
11208,Obesity_Type_III
11209,Obesity_Type_III
11210,Obesity_Type_III
11211,Overweight_Level_I
11212,Normal_Weight
11213,Obesity_Type_II
11214,Obesity_Type_II
11215,Obesity_Type_II
11216,Overweight_Level_I
11217,Overweight_Level_I
11218,Obesity_Type_III
11219,Obesity_Type_III
11220,Overweight_Level_I
11221,Insufficient_Weight
11222,Obesity_Type_II
11223,Overweight_Level_I
11224,Obesity_Type_II
11225,Overweight_Level_I
11226,Overweight_Level_I
11227,Obesity_Type_II
11228,Obesity_Type_II
11229,Obesity_Type_II
11230,Obesity_Type_II
11231,Obesity_Type_II
11232,Normal_Weight
11233,Obesity_Type_III
11234,Obesity_Type_III
11235,Overweight_Level_I
11236,Obesity_Type_II
11237,Obesity_Type_III
11238,Normal_Weight
11239,Insufficient_Weight
11240,Insufficient_Weight
11241,Obesity_Type_III
11242,Overweight_Level_I
11243,Obesity_Type_III
11244,Obesity_Type_III
11245,Obesity_Type_II
11246,Obesity_Type_II
11247,Obesity_Type_III
11248,Insufficient_Weight
11249,Obesity_Type_III
11250,Obesity_Type_II
11251,Normal_Weight
11252,Obesity_Type_II
11253,Obesity_Type_III
11254,Obesity_Type_III
11255,Obesity_Type_II
11256,Insufficient_Weight
11257,Obesity_Type_II
11258,Obesity_Type_II
11259,Obesity_Type_II
11260,Insufficient_Weight
11261,Overweight_Level_I
11262,Obesity_Type_III
11263,Insufficient_Weight
11264,Obesity_Type_I
11265,Obesity_Type_II
11266,Normal_Weight
11267,Insufficient_Weight
11268,Obesity_Type_III
11269,Overweight_Level_I
11270,Obesity_Type_III
11271,Obesity_Type_III
11272,Obesity_Type_II
11273,Insufficient_Weight
11274,Insufficient_Weight
11275,Obesity_Type_II
11276,Insufficient_Weight
11277,Insufficient_Weight
11278,Obesity_Type_II
11279,Obesity_Type_II
11280,Obesity_Type_II
11281,Obesity_Type_II
11282,Obesity_Type_III
11283,Obesity_Type_III
11284,Obesity_Type_III
11285,Normal_Weight
11286,Obesity_Type_III
11287,Obesity_Type_III
11288,Obesity_Type_III
11289,Obesity_Type_II
11290,Obesity_Type_III
11291,Obesity_Type_II
11292,Obesity_Type_II
11293,Obesity_Type_II
11294,Insufficient_Weight
11295,Obesity_Type_II
11296,Obesity_Type_III
11297,Insufficient_Weight
11298,Normal_Weight
11299,Obesity_Type_II
11300,Obesity_Type_II
11301,Overweight_Level_I
11302,Obesity_Type_II
11303,Obesity_Type_II
11304,Overweight_Level_I
11305,Obesity_Type_III
11306,Obesity_Type_II
11307,Obesity_Type_III
11308,Obesity_Type_III
11309,Obesity_Type_III
11310,Obesity_Type_III
11311,Obesity_Type_III
11312,Obesity_Type_III
11313,Overweight_Level_I
11314,Obesity_Type_III
11315,Obesity_Type_III
11316,Obesity_Type_II
11317,Insufficient_Weight
11318,Obesity_Type_II
11319,Obesity_Type_II
11320,Obesity_Type_II
11321,Obesity_Type_II
11322,Obesity_Type_II
11323,Insufficient_Weight
11324,Obesity_Type_II
11325,Obesity_Type_II
11326,Obesity_Type_II
11327,Obesity_Type_II
11328,Obesity_Type_II
11329,Insufficient_Weight
11330,Insufficient_Weight
11331,Insufficient_Weight
11332,Obesity_Type_II
11333,Obesity_Type_II
11334,Obesity_Type_III
11335,Obesity_Type_III
11336,Insufficient_Weight
11337,Obesity_Type_II
11338,Insufficient_Weight
11339,Overweight_Level_I
11340,Obesity_Type_II
11341,Obesity_Type_III
11342,Obesity_Type_II
11343,Insufficient_Weight
11344,Obesity_Type_III
11345,Obesity_Type_III
11346,Normal_Weight
11347,Obesity_Type_II
11348,Obesity_Type_II
11349,Obesity_Type_III
11350,Obesity_Type_III
11351,Obesity_Type_III
11352,Obesity_Type_I
11353,Obesity_Type_II
11354,Obesity_Type_II
11355,Overweight_Level_I
11356,Obesity_Type_II
11357,Obesity_Type_II
11358,Obesity_Type_III
11359,Obesity_Type_II
11360,Obesity_Type_II
11361,Obesity_Type_II
11362,Obesity_Type_II
11363,Obesity_Type_II
11364,Obesity_Type_II
11365,Obesity_Type_II
11366,Obesity_Type_II
11367,Obesity_Type_II
11368,Insufficient_Weight
11369,Insufficient_Weight
11370,Obesity_Type_II
11371,Obesity_Type_II
11372,Overweight_Level_I
11373,Insufficient_Weight
11374,Obesity_Type_I
11375,Obesity_Type_III
11376,Overweight_Level_I
11377,Obesity_Type_III
11378,Obesity_Type_II
11379,Obesity_Type_III
11380,Obesity_Type_III
11381,Normal_Weight
11382,Normal_Weight
11383,Normal_Weight
11384,Overweight_Level_I
11385,Obesity_Type_III
11386,Obesity_Type_II
11387,Normal_Weight
11388,Insufficient_Weight
11389,Obesity_Type_III
11390,Obesity_Type_III
11391,Obesity_Type_III
11392,Obesity_Type_III
11393,Obesity_Type_I
11394,Obesity_Type_II
11395,Obesity_Type_III
11396,Normal_Weight
11397,Obesity_Type_II
11398,Obesity_Type_III
11399,Obesity_Type_II
11400,Obesity_Type_II
11401,Obesity_Type_III
11402,Insufficient_Weight
11403,Obesity_Type_II
11404,Obesity_Type_III
11405,Insufficient_Weight
11406,Insufficient_Weight
11407,Insufficient_Weight
11408,Overweight_Level_I
11409,Obesity_Type_II
11410,Overweight_Level_I
11411,Obesity_Type_II
11412,Obesity_Type_II
11413,Obesity_Type_III
11414,Obesity_Type_II
11415,Obesity_Type_II
11416,Obesity_Type_III
11417,Insufficient_Weight
11418,Insufficient_Weight
11419,Overweight_Level_I
11420,Obesity_Type_I
11421,Obesity_Type_III
11422,Overweight_Level_I
11423,Obesity_Type_II
11424,Insufficient_Weight
11425,Obesity_Type_II
11426,Obesity_Type_III
11427,Obesity_Type_II
11428,Obesity_Type_III
11429,Obesity_Type_II
11430,Obesity_Type_III
11431,Obesity_Type_II
11432,Obesity_Type_II
11433,Normal_Weight
11434,Obesity_Type_II
11435,Insufficient_Weight
11436,Obesity_Type_II
11437,Obesity_Type_III
11438,Obesity_Type_III
11439,Obesity_Type_II
11440,Obesity_Type_III
11441,Obesity_Type_II
11442,Obesity_Type_II
11443,Obesity_Type_III
11444,Insufficient_Weight
11445,Obesity_Type_III
11446,Obesity_Type_III
11447,Obesity_Type_II
11448,Overweight_Level_I
11449,Obesity_Type_II
11450,Obesity_Type_II
11451,Obesity_Type_II
11452,Obesity_Type_III
11453,Normal_Weight
11454,Normal_Weight
11455,Obesity_Type_II
11456,Obesity_Type_II
11457,Obesity_Type_III
11458,Obesity_Type_III
11459,Obesity_Type_III
11460,Normal_Weight
11461,Normal_Weight
11462,Normal_Weight
11463,Obesity_Type_II
11464,Obesity_Type_III
11465,Insufficient_Weight
11466,Normal_Weight
11467,Obesity_Type_III
11468,Obesity_Type_II
11469,Obesity_Type_III
11470,Obesity_Type_II
11471,Overweight_Level_I
11472,Normal_Weight
11473,Obesity_Type_II
11474,Normal_Weight
11475,Obesity_Type_III
11476,Obesity_Type_II
11477,Obesity_Type_I
11478,Normal_Weight
11479,Obesity_Type_II
11480,Obesity_Type_II
11481,Obesity_Type_II
11482,Obesity_Type_III
11483,Obesity_Type_II
11484,Normal_Weight
11485,Obesity_Type_II
11486,Obesity_Type_II
11487,Insufficient_Weight
11488,Overweight_Level_I
11489,Obesity_Type_III
11490,Obesity_Type_II
11491,Obesity_Type_III
11492,Normal_Weight
11493,Obesity_Type_III
11494,Obesity_Type_II
11495,Obesity_Type_III
11496,Insufficient_Weight
11497,Insufficient_Weight
11498,Normal_Weight
11499,Insufficient_Weight
11500,Overweight_Level_I
11501,Overweight_Level_I
11502,Overweight_Level_I
11503,Obesity_Type_II
11504,Normal_Weight
11505,Insufficient_Weight
11506,Overweight_Level_I
11507,Obesity_Type_III
11508,Obesity_Type_III
11509,Overweight_Level_I
11510,Obesity_Type_I
11511,Obesity_Type_II
11512,Insufficient_Weight
11513,Normal_Weight
11514,Insufficient_Weight
11515,Overweight_Level_I
11516,Obesity_Type_II
11517,Insufficient_Weight
11518,Normal_Weight
11519,Obesity_Type_II
11520,Overweight_Level_I
11521,Obesity_Type_II
11522,Normal_Weight
11523,Overweight_Level_I
11524,Normal_Weight
11525,Obesity_Type_II
11526,Obesity_Type_II
11527,Obesity_Type_III
11528,Obesity_Type_II
11529,Obesity_Type_II
11530,Obesity_Type_II
11531,Obesity_Type_III
11532,Obesity_Type_II
11533,Obesity_Type_II
11534,Obesity_Type_III
11535,Obesity_Type_III
11536,Overweight_Level_I
11537,Obesity_Type_III
11538,Overweight_Level_I
11539,Obesity_Type_III
11540,Obesity_Type_II
11541,Obesity_Type_III
11542,Obesity_Type_II
11543,Obesity_Type_III
11544,Obesity_Type_II
11545,Insufficient_Weight
11546,Obesity_Type_II
11547,Normal_Weight
11548,Obesity_Type_II
11549,Normal_Weight
11550,Insufficient_Weight
11551,Obesity_Type_II
11552,Overweight_Level_I
11553,Normal_Weight
11554,Obesity_Type_III
11555,Obesity_Type_II
11556,Normal_Weight
11557,Obesity_Type_II
11558,Obesity_Type_I
11559,Obesity_Type_II
11560,Obesity_Type_II
11561,Obesity_Type_III
11562,Obesity_Type_II
11563,Normal_Weight
11564,Obesity_Type_I
11565,Overweight_Level_I
11566,Obesity_Type_II
11567,Obesity_Type_II
11568,Insufficient_Weight
11569,Obesity_Type_I
11570,Obesity_Type_II
11571,Obesity_Type_II
11572,Obesity_Type_III
11573,Overweight_Level_I
11574,Obesity_Type_III
11575,Obesity_Type_III
11576,Obesity_Type_II
11577,Insufficient_Weight
11578,Normal_Weight
11579,Obesity_Type_III
11580,Obesity_Type_II
11581,Obesity_Type_II
11582,Overweight_Level_I
11583,Insufficient_Weight
11584,Obesity_Type_III
11585,Obesity_Type_III
11586,Obesity_Type_II
11587,Overweight_Level_I
11588,Obesity_Type_III
11589,Obesity_Type_II
11590,Normal_Weight
11591,Obesity_Type_III
11592,Overweight_Level_I
11593,Obesity_Type_II
11594,Obesity_Type_II
11595,Obesity_Type_II
11596,Obesity_Type_II
11597,Obesity_Type_II
11598,Obesity_Type_II
11599,Obesity_Type_II
11600,Normal_Weight
11601,Obesity_Type_II
11602,Insufficient_Weight
11603,Insufficient_Weight
11604,Obesity_Type_III
11605,Normal_Weight
11606,Overweight_Level_I
11607,Obesity_Type_II
11608,Obesity_Type_II
11609,Obesity_Type_III
11610,Obesity_Type_II
11611,Obesity_Type_II
11612,Obesity_Type_II
11613,Obesity_Type_II
11614,Obesity_Type_III
11615,Obesity_Type_II
11616,Obesity_Type_II
11617,Overweight_Level_I
11618,Obesity_Type_II
11619,Obesity_Type_III
11620,Obesity_Type_III
11621,Insufficient_Weight
11622,Overweight_Level_I
11623,Obesity_Type_III
11624,Obesity_Type_II
11625,Obesity_Type_II
11626,Obesity_Type_III
11627,Insufficient_Weight
11628,Obesity_Type_II
11629,Normal_Weight
11630,Obesity_Type_III
11631,Obesity_Type_I
11632,Obesity_Type_III
11633,Obesity_Type_III
11634,Obesity_Type_III
11635,Obesity_Type_II
11636,Obesity_Type_II
11637,Obesity_Type_II
11638,Obesity_Type_III
11639,Obesity_Type_II
11640,Obesity_Type_III
11641,Overweight_Level_I
11642,Obesity_Type_II
11643,Obesity_Type_II
11644,Insufficient_Weight
11645,Obesity_Type_II
11646,Obesity_Type_III
11647,Obesity_Type_I
11648,Obesity_Type_III
11649,Obesity_Type_III
11650,Obesity_Type_II
11651,Obesity_Type_III
11652,Obesity_Type_II
11653,Obesity_Type_III
11654,Insufficient_Weight
11655,Overweight_Level_I
11656,Normal_Weight
11657,Obesity_Type_II
11658,Obesity_Type_II
11659,Obesity_Type_III
11660,Insufficient_Weight
11661,Obesity_Type_II
11662,Obesity_Type_I
11663,Obesity_Type_III
11664,Obesity_Type_III
11665,Insufficient_Weight
11666,Obesity_Type_III
11667,Obesity_Type_II
11668,Normal_Weight
11669,Overweight_Level_I
11670,Obesity_Type_III
11671,Obesity_Type_III
11672,Insufficient_Weight
11673,Overweight_Level_I
11674,Obesity_Type_III
11675,Obesity_Type_II
11676,Obesity_Type_II
11677,Obesity_Type_II
11678,Overweight_Level_I
11679,Obesity_Type_II
11680,Normal_Weight
11681,Insufficient_Weight
11682,Obesity_Type_III
11683,Obesity_Type_II
11684,Obesity_Type_II
11685,Insufficient_Weight
11686,Obesity_Type_II
11687,Normal_Weight
11688,Obesity_Type_II
11689,Obesity_Type_II
11690,Insufficient_Weight
11691,Overweight_Level_I
11692,Obesity_Type_III
11693,Obesity_Type_III
11694,Normal_Weight
11695,Obesity_Type_III
11696,Normal_Weight
11697,Obesity_Type_I
11698,Obesity_Type_II
11699,Obesity_Type_III
11700,Obesity_Type_III
11701,Obesity_Type_III
11702,Obesity_Type_II
11703,Obesity_Type_II
11704,Obesity_Type_II
11705,Obesity_Type_II
11706,Obesity_Type_III
11707,Obesity_Type_III
11708,Obesity_Type_III
11709,Obesity_Type_II
11710,Obesity_Type_II
11711,Overweight_Level_I
11712,Obesity_Type_III
11713,Insufficient_Weight
11714,Obesity_Type_II
11715,Obesity_Type_III
11716,Overweight_Level_I
11717,Obesity_Type_III
11718,Insufficient_Weight
11719,Obesity_Type_III
11720,Obesity_Type_II
11721,Obesity_Type_II
11722,Obesity_Type_III
11723,Obesity_Type_III
11724,Obesity_Type_III
11725,Insufficient_Weight
11726,Insufficient_Weight
11727,Obesity_Type_III
11728,Insufficient_Weight
11729,Obesity_Type_II
11730,Obesity_Type_II
11731,Normal_Weight
11732,Obesity_Type_II
11733,Overweight_Level_I
11734,Insufficient_Weight
11735,Obesity_Type_II
11736,Insufficient_Weight
11737,Obesity_Type_III
11738,Obesity_Type_III
11739,Obesity_Type_III
11740,Obesity_Type_II
11741,Obesity_Type_II
11742,Obesity_Type_III
11743,Obesity_Type_I
11744,Obesity_Type_III
11745,Obesity_Type_II
11746,Overweight_Level_I
11747,Obesity_Type_I
11748,Obesity_Type_III
11749,Obesity_Type_II
11750,Insufficient_Weight
11751,Obesity_Type_II
11752,Obesity_Type_II
11753,Obesity_Type_II
11754,Obesity_Type_II
11755,Obesity_Type_III
11756,Overweight_Level_I
11757,Insufficient_Weight
11758,Obesity_Type_III
11759,Obesity_Type_II
11760,Insufficient_Weight
11761,Obesity_Type_III
11762,Normal_Weight
11763,Obesity_Type_III
11764,Obesity_Type_III
11765,Obesity_Type_II
11766,Obesity_Type_I
11767,Normal_Weight
11768,Obesity_Type_II
11769,Obesity_Type_II
11770,Normal_Weight
11771,Insufficient_Weight
11772,Obesity_Type_III
11773,Obesity_Type_III
11774,Insufficient_Weight
11775,Insufficient_Weight
11776,Obesity_Type_II
11777,Obesity_Type_III
11778,Obesity_Type_II
11779,Insufficient_Weight
11780,Obesity_Type_III
11781,Normal_Weight
11782,Normal_Weight
11783,Obesity_Type_II
11784,Obesity_Type_II
11785,Insufficient_Weight
11786,Obesity_Type_II
11787,Insufficient_Weight
11788,Obesity_Type_III
11789,Obesity_Type_II
11790,Obesity_Type_II
11791,Overweight_Level_I
11792,Obesity_Type_II
11793,Overweight_Level_I
11794,Obesity_Type_II
11795,Obesity_Type_III
11796,Obesity_Type_II
11797,Obesity_Type_III
11798,Overweight_Level_I
11799,Obesity_Type_III
11800,Obesity_Type_III
11801,Obesity_Type_III
11802,Overweight_Level_I
11803,Obesity_Type_III
11804,Obesity_Type_II
11805,Obesity_Type_III
11806,Insufficient_Weight
11807,Obesity_Type_II
11808,Overweight_Level_I
11809,Obesity_Type_III
11810,Insufficient_Weight
11811,Overweight_Level_I
11812,Overweight_Level_I
11813,Normal_Weight
11814,Obesity_Type_I
11815,Obesity_Type_III
11816,Obesity_Type_II
11817,Obesity_Type_I
11818,Insufficient_Weight
11819,Normal_Weight
11820,Obesity_Type_III
11821,Normal_Weight
11822,Insufficient_Weight
11823,Normal_Weight
11824,Obesity_Type_III
11825,Obesity_Type_I
11826,Obesity_Type_II
11827,Obesity_Type_II
11828,Normal_Weight
11829,Obesity_Type_II
11830,Obesity_Type_I
11831,Insufficient_Weight
11832,Obesity_Type_II
11833,Obesity_Type_III
11834,Insufficient_Weight
11835,Obesity_Type_I
11836,Obesity_Type_III
11837,Obesity_Type_I
11838,Obesity_Type_II
11839,Obesity_Type_III
11840,Insufficient_Weight
11841,Obesity_Type_III
11842,Normal_Weight
11843,Obesity_Type_III
11844,Obesity_Type_II
11845,Overweight_Level_I
11846,Normal_Weight
11847,Obesity_Type_III
11848,Obesity_Type_III
11849,Insufficient_Weight
11850,Obesity_Type_III
11851,Obesity_Type_III
11852,Obesity_Type_III
11853,Overweight_Level_I
11854,Insufficient_Weight
11855,Obesity_Type_III
11856,Normal_Weight
11857,Insufficient_Weight
11858,Normal_Weight
11859,Insufficient_Weight
11860,Obesity_Type_III
11861,Obesity_Type_II
11862,Insufficient_Weight
11863,Obesity_Type_III
11864,Obesity_Type_I
11865,Obesity_Type_III
11866,Overweight_Level_I
11867,Obesity_Type_III
11868,Obesity_Type_III
11869,Obesity_Type_II
11870,Obesity_Type_II
11871,Obesity_Type_III
11872,Overweight_Level_I
11873,Normal_Weight
11874,Overweight_Level_I
11875,Obesity_Type_II
11876,Normal_Weight
11877,Obesity_Type_III
11878,Obesity_Type_II
11879,Overweight_Level_I
11880,Obesity_Type_III
11881,Obesity_Type_III
11882,Obesity_Type_II
11883,Insufficient_Weight
11884,Obesity_Type_II
11885,Obesity_Type_II
11886,Obesity_Type_II
11887,Normal_Weight
11888,Obesity_Type_III
11889,Obesity_Type_II
11890,Obesity_Type_II
11891,Obesity_Type_III
11892,Obesity_Type_II
11893,Obesity_Type_III
11894,Overweight_Level_I
11895,Obesity_Type_II
11896,Normal_Weight
11897,Obesity_Type_II
11898,Obesity_Type_II
11899,Overweight_Level_I
11900,Obesity_Type_II
11901,Obesity_Type_II
11902,Normal_Weight
11903,Obesity_Type_III
11904,Normal_Weight
11905,Obesity_Type_I
11906,Obesity_Type_II
11907,Overweight_Level_I
11908,Obesity_Type_I
11909,Normal_Weight
11910,Insufficient_Weight
11911,Insufficient_Weight
11912,Insufficient_Weight
11913,Obesity_Type_II
11914,Obesity_Type_II
11915,Obesity_Type_III
11916,Insufficient_Weight
11917,Insufficient_Weight
11918,Insufficient_Weight
11919,Normal_Weight
11920,Obesity_Type_II
11921,Normal_Weight
11922,Normal_Weight
11923,Insufficient_Weight
11924,Obesity_Type_II
11925,Insufficient_Weight
11926,Overweight_Level_I
11927,Insufficient_Weight
11928,Obesity_Type_III
11929,Obesity_Type_III
11930,Obesity_Type_II
11931,Obesity_Type_II
11932,Obesity_Type_II
11933,Obesity_Type_III
11934,Obesity_Type_III
11935,Obesity_Type_III
11936,Overweight_Level_I
11937,Obesity_Type_III
11938,Obesity_Type_III
11939,Obesity_Type_I
11940,Overweight_Level_I
11941,Obesity_Type_II
11942,Insufficient_Weight
11943,Obesity_Type_III
11944,Obesity_Type_II
11945,Overweight_Level_I
11946,Obesity_Type_II
11947,Obesity_Type_II
11948,Overweight_Level_I
11949,Obesity_Type_II
11950,Obesity_Type_III
11951,Obesity_Type_III
11952,Normal_Weight
11953,Obesity_Type_II
11954,Obesity_Type_III
11955,Obesity_Type_III
11956,Obesity_Type_III
11957,Obesity_Type_III
11958,Obesity_Type_III
11959,Normal_Weight
11960,Obesity_Type_II
11961,Normal_Weight
11962,Overweight_Level_I
11963,Insufficient_Weight
11964,Obesity_Type_I
11965,Obesity_Type_II
11966,Obesity_Type_II
11967,Obesity_Type_II
11968,Insufficient_Weight
11969,Normal_Weight
11970,Obesity_Type_II
11971,Obesity_Type_II
11972,Insufficient_Weight
11973,Normal_Weight
11974,Normal_Weight
11975,Insufficient_Weight
11976,Obesity_Type_II
11977,Obesity_Type_III
11978,Obesity_Type_II
11979,Obesity_Type_III
11980,Obesity_Type_II
11981,Obesity_Type_II
11982,Obesity_Type_II
11983,Obesity_Type_III
11984,Overweight_Level_I
11985,Obesity_Type_III
11986,Obesity_Type_III
11987,Obesity_Type_III
11988,Obesity_Type_II
11989,Normal_Weight
11990,Obesity_Type_II
11991,Overweight_Level_I
11992,Normal_Weight
11993,Obesity_Type_II
11994,Obesity_Type_III
11995,Obesity_Type_I
11996,Insufficient_Weight
11997,Normal_Weight
11998,Insufficient_Weight
11999,Overweight_Level_I
12000,Overweight_Level_I
12001,Obesity_Type_I
12002,Overweight_Level_I
12003,Obesity_Type_III
12004,Obesity_Type_II
12005,Obesity_Type_III
12006,Obesity_Type_III
12007,Overweight_Level_I
12008,Obesity_Type_III
12009,Overweight_Level_I
12010,Normal_Weight
12011,Obesity_Type_II
12012,Insufficient_Weight
12013,Obesity_Type_I
12014,Normal_Weight
12015,Obesity_Type_II
12016,Obesity_Type_II
12017,Obesity_Type_II
12018,Normal_Weight
12019,Normal_Weight
12020,Obesity_Type_III
12021,Normal_Weight
12022,Obesity_Type_I
12023,Obesity_Type_III
12024,Normal_Weight
12025,Obesity_Type_II
12026,Normal_Weight
12027,Overweight_Level_I
12028,Overweight_Level_I
12029,Overweight_Level_I
12030,Obesity_Type_III
12031,Obesity_Type_II
12032,Obesity_Type_II
12033,Obesity_Type_III
12034,Obesity_Type_III
12035,Obesity_Type_II
12036,Obesity_Type_II
12037,Insufficient_Weight
12038,Obesity_Type_III
12039,Overweight_Level_I
12040,Obesity_Type_III
12041,Overweight_Level_I
12042,Obesity_Type_III
12043,Obesity_Type_I
12044,Obesity_Type_I
12045,Obesity_Type_II
12046,Obesity_Type_III
12047,Obesity_Type_II
12048,Normal_Weight
12049,Obesity_Type_II
12050,Obesity_Type_III
12051,Insufficient_Weight
12052,Overweight_Level_I
12053,Obesity_Type_III
12054,Obesity_Type_III
12055,Obesity_Type_III
12056,Obesity_Type_III
12057,Overweight_Level_I
12058,Obesity_Type_III
12059,Obesity_Type_III
12060,Obesity_Type_II
12061,Obesity_Type_III
12062,Obesity_Type_III
12063,Obesity_Type_III
12064,Insufficient_Weight
12065,Overweight_Level_I
12066,Overweight_Level_I
12067,Obesity_Type_II
12068,Insufficient_Weight
12069,Overweight_Level_I
12070,Insufficient_Weight
12071,Obesity_Type_II
12072,Obesity_Type_III
12073,Obesity_Type_III
12074,Normal_Weight
12075,Normal_Weight
12076,Obesity_Type_II
12077,Insufficient_Weight
12078,Obesity_Type_III
12079,Obesity_Type_III
12080,Obesity_Type_III
12081,Normal_Weight
12082,Overweight_Level_I
12083,Obesity_Type_II
12084,Obesity_Type_III
12085,Obesity_Type_III
12086,Obesity_Type_III
12087,Overweight_Level_I
12088,Obesity_Type_III
12089,Obesity_Type_II
12090,Overweight_Level_I
12091,Obesity_Type_II
12092,Obesity_Type_II
12093,Obesity_Type_III
12094,Insufficient_Weight
12095,Obesity_Type_II
12096,Obesity_Type_III
12097,Obesity_Type_II
12098,Obesity_Type_II
12099,Obesity_Type_III
12100,Obesity_Type_III
12101,Obesity_Type_III
12102,Obesity_Type_II
12103,Obesity_Type_I
12104,Obesity_Type_III
12105,Normal_Weight
12106,Obesity_Type_II
12107,Obesity_Type_III
12108,Obesity_Type_II
12109,Obesity_Type_II
12110,Obesity_Type_II
12111,Overweight_Level_I
12112,Obesity_Type_II
12113,Overweight_Level_I
12114,Obesity_Type_III
12115,Obesity_Type_II
12116,Insufficient_Weight
12117,Obesity_Type_III
12118,Obesity_Type_III
12119,Obesity_Type_II
12120,Obesity_Type_III
12121,Insufficient_Weight
12122,Normal_Weight
12123,Obesity_Type_III
12124,Insufficient_Weight
12125,Obesity_Type_II
12126,Obesity_Type_II
12127,Obesity_Type_II
12128,Obesity_Type_III
12129,Overweight_Level_I
12130,Overweight_Level_I
12131,Obesity_Type_III
12132,Obesity_Type_III
12133,Obesity_Type_II
12134,Overweight_Level_I
12135,Obesity_Type_III
12136,Obesity_Type_II
12137,Normal_Weight
12138,Obesity_Type_II
12139,Obesity_Type_III
12140,Normal_Weight
12141,Obesity_Type_II
12142,Obesity_Type_I
12143,Insufficient_Weight
12144,Overweight_Level_I
12145,Obesity_Type_II
12146,Normal_Weight
12147,Obesity_Type_III
12148,Overweight_Level_I
12149,Obesity_Type_III
12150,Overweight_Level_I
12151,Overweight_Level_I
12152,Obesity_Type_II
12153,Obesity_Type_II
12154,Obesity_Type_III
12155,Obesity_Type_III
12156,Overweight_Level_I
12157,Obesity_Type_III
12158,Obesity_Type_III
12159,Obesity_Type_II
12160,Overweight_Level_I
12161,Obesity_Type_III
12162,Normal_Weight
12163,Insufficient_Weight
12164,Obesity_Type_III
12165,Obesity_Type_III
12166,Obesity_Type_III
12167,Insufficient_Weight
12168,Obesity_Type_II
12169,Overweight_Level_I
12170,Overweight_Level_I
12171,Overweight_Level_I
12172,Overweight_Level_I
12173,Overweight_Level_I
12174,Obesity_Type_II
12175,Overweight_Level_I
12176,Obesity_Type_III
12177,Obesity_Type_I
12178,Obesity_Type_III
12179,Obesity_Type_II
12180,Obesity_Type_III
12181,Obesity_Type_III
12182,Insufficient_Weight
12183,Obesity_Type_II
12184,Obesity_Type_III
12185,Normal_Weight
12186,Insufficient_Weight
12187,Insufficient_Weight
12188,Obesity_Type_I
12189,Insufficient_Weight
12190,Obesity_Type_III
12191,Obesity_Type_II
12192,Obesity_Type_III
12193,Obesity_Type_II
12194,Overweight_Level_I
12195,Obesity_Type_II
12196,Obesity_Type_I
12197,Obesity_Type_III
12198,Insufficient_Weight
12199,Obesity_Type_III
12200,Obesity_Type_II
12201,Obesity_Type_II
12202,Obesity_Type_II
12203,Obesity_Type_III
12204,Obesity_Type_II
12205,Obesity_Type_III
12206,Overweight_Level_I
12207,Obesity_Type_II
12208,Obesity_Type_II
12209,Obesity_Type_II
12210,Insufficient_Weight
12211,Obesity_Type_II
12212,Obesity_Type_III
12213,Normal_Weight
12214,Obesity_Type_III
12215,Insufficient_Weight
12216,Insufficient_Weight
12217,Insufficient_Weight
12218,Obesity_Type_I
12219,Insufficient_Weight
12220,Obesity_Type_III
12221,Obesity_Type_II
12222,Insufficient_Weight
12223,Insufficient_Weight
12224,Obesity_Type_II
12225,Insufficient_Weight
12226,Obesity_Type_III
12227,Obesity_Type_II
12228,Obesity_Type_II
12229,Insufficient_Weight
12230,Obesity_Type_III
12231,Obesity_Type_III
12232,Obesity_Type_II
12233,Overweight_Level_I
12234,Obesity_Type_II
12235,Obesity_Type_II
12236,Obesity_Type_III
12237,Obesity_Type_I
12238,Insufficient_Weight
12239,Obesity_Type_III
12240,Obesity_Type_I
12241,Obesity_Type_III
12242,Obesity_Type_II
12243,Obesity_Type_II
12244,Obesity_Type_II
12245,Obesity_Type_II
12246,Normal_Weight
12247,Normal_Weight
12248,Obesity_Type_I
12249,Obesity_Type_II
12250,Overweight_Level_I
12251,Obesity_Type_II
12252,Insufficient_Weight
12253,Insufficient_Weight
12254,Obesity_Type_III
12255,Obesity_Type_II
12256,Obesity_Type_III
12257,Normal_Weight
12258,Obesity_Type_I
12259,Obesity_Type_II
12260,Normal_Weight
12261,Obesity_Type_II
12262,Overweight_Level_I
12263,Obesity_Type_III
12264,Normal_Weight
12265,Obesity_Type_III
12266,Obesity_Type_II
12267,Obesity_Type_III
12268,Insufficient_Weight
12269,Obesity_Type_II
12270,Obesity_Type_II
12271,Obesity_Type_II
12272,Obesity_Type_II
12273,Obesity_Type_II
12274,Normal_Weight
12275,Insufficient_Weight
12276,Obesity_Type_III
12277,Obesity_Type_II
12278,Obesity_Type_II
12279,Obesity_Type_III
12280,Obesity_Type_III
12281,Obesity_Type_II
12282,Insufficient_Weight
12283,Obesity_Type_II
12284,Obesity_Type_II
12285,Obesity_Type_III
12286,Obesity_Type_III
12287,Obesity_Type_III
12288,Obesity_Type_III
12289,Obesity_Type_II
12290,Obesity_Type_III
12291,Obesity_Type_III
12292,Obesity_Type_II
12293,Obesity_Type_III
12294,Obesity_Type_III
12295,Obesity_Type_III
12296,Obesity_Type_II
12297,Overweight_Level_I
12298,Insufficient_Weight
12299,Obesity_Type_III
12300,Obesity_Type_II
12301,Obesity_Type_II
12302,Obesity_Type_III
12303,Overweight_Level_I
12304,Obesity_Type_II
12305,Obesity_Type_II
12306,Overweight_Level_I
12307,Obesity_Type_III
12308,Insufficient_Weight
12309,Obesity_Type_II
12310,Insufficient_Weight
12311,Normal_Weight
12312,Overweight_Level_I
12313,Insufficient_Weight
12314,Obesity_Type_III
12315,Normal_Weight
12316,Normal_Weight
12317,Obesity_Type_I
12318,Insufficient_Weight
12319,Insufficient_Weight
12320,Obesity_Type_II
12321,Obesity_Type_III
12322,Obesity_Type_III
12323,Obesity_Type_I
12324,Overweight_Level_I
12325,Normal_Weight
12326,Obesity_Type_I
12327,Overweight_Level_I
12328,Insufficient_Weight
12329,Obesity_Type_II
12330,Obesity_Type_II
12331,Obesity_Type_I
12332,Obesity_Type_II
12333,Insufficient_Weight
12334,Obesity_Type_I
12335,Obesity_Type_II
12336,Insufficient_Weight
12337,Insufficient_Weight
12338,Normal_Weight
12339,Obesity_Type_II
12340,Obesity_Type_III
12341,Insufficient_Weight
12342,Overweight_Level_I
12343,Insufficient_Weight
12344,Insufficient_Weight
12345,Insufficient_Weight
12346,Obesity_Type_III
12347,Obesity_Type_II
12348,Normal_Weight
12349,Obesity_Type_III
12350,Obesity_Type_II
12351,Obesity_Type_III
12352,Obesity_Type_II
12353,Obesity_Type_III
12354,Obesity_Type_III
12355,Overweight_Level_I
12356,Insufficient_Weight
12357,Obesity_Type_II
12358,Obesity_Type_II
12359,Obesity_Type_II
12360,Obesity_Type_II
12361,Normal_Weight
12362,Insufficient_Weight
12363,Obesity_Type_I
12364,Obesity_Type_II
12365,Obesity_Type_II
12366,Obesity_Type_III
12367,Obesity_Type_II
12368,Obesity_Type_II
12369,Insufficient_Weight
12370,Obesity_Type_III
12371,Obesity_Type_III
12372,Obesity_Type_III
12373,Obesity_Type_II
12374,Obesity_Type_II
12375,Obesity_Type_II
12376,Obesity_Type_III
12377,Obesity_Type_III
12378,Insufficient_Weight
12379,Obesity_Type_II
12380,Obesity_Type_II
12381,Obesity_Type_III
12382,Normal_Weight
12383,Overweight_Level_I
12384,Overweight_Level_I
12385,Obesity_Type_III
12386,Obesity_Type_II
12387,Overweight_Level_I
12388,Obesity_Type_II
12389,Insufficient_Weight
12390,Obesity_Type_II
12391,Obesity_Type_II
12392,Obesity_Type_II
12393,Normal_Weight
12394,Normal_Weight
12395,Obesity_Type_II
12396,Obesity_Type_III
12397,Obesity_Type_II
12398,Overweight_Level_I
12399,Obesity_Type_II
12400,Insufficient_Weight
12401,Obesity_Type_III
12402,Overweight_Level_I
12403,Obesity_Type_II
12404,Overweight_Level_I
12405,Overweight_Level_I
12406,Obesity_Type_II
12407,Obesity_Type_II
12408,Overweight_Level_I
12409,Obesity_Type_I
12410,Obesity_Type_II
12411,Obesity_Type_III
12412,Insufficient_Weight
12413,Obesity_Type_II
12414,Obesity_Type_III
12415,Normal_Weight
12416,Obesity_Type_II
12417,Overweight_Level_I
12418,Obesity_Type_III
12419,Obesity_Type_II
12420,Overweight_Level_I
12421,Obesity_Type_III
12422,Obesity_Type_III
12423,Overweight_Level_I
12424,Insufficient_Weight
12425,Normal_Weight
12426,Obesity_Type_III
12427,Obesity_Type_III
12428,Obesity_Type_III
12429,Obesity_Type_III
12430,Obesity_Type_III
12431,Obesity_Type_III
12432,Normal_Weight
12433,Obesity_Type_III
12434,Obesity_Type_II
12435,Obesity_Type_I
12436,Obesity_Type_III
12437,Obesity_Type_III
12438,Obesity_Type_III
12439,Normal_Weight
12440,Obesity_Type_III
12441,Obesity_Type_III
12442,Obesity_Type_III
12443,Obesity_Type_III
12444,Obesity_Type_II
12445,Obesity_Type_II
12446,Obesity_Type_III
12447,Obesity_Type_II
12448,Obesity_Type_II
12449,Obesity_Type_III
12450,Obesity_Type_II
12451,Obesity_Type_II
12452,Overweight_Level_I
12453,Obesity_Type_II
12454,Obesity_Type_I
12455,Insufficient_Weight
12456,Overweight_Level_I
12457,Normal_Weight
12458,Obesity_Type_III
12459,Normal_Weight
12460,Obesity_Type_III
12461,Obesity_Type_II
12462,Obesity_Type_II
12463,Insufficient_Weight
12464,Obesity_Type_II
12465,Obesity_Type_I
12466,Obesity_Type_III
12467,Obesity_Type_II
12468,Obesity_Type_III
12469,Insufficient_Weight
12470,Obesity_Type_III
12471,Obesity_Type_II
12472,Normal_Weight
12473,Insufficient_Weight
12474,Insufficient_Weight
12475,Normal_Weight
12476,Obesity_Type_II
12477,Overweight_Level_I
12478,Obesity_Type_III
12479,Obesity_Type_II
12480,Overweight_Level_I
12481,Overweight_Level_I
12482,Obesity_Type_II
12483,Obesity_Type_III
12484,Obesity_Type_III
12485,Obesity_Type_II
12486,Obesity_Type_II
12487,Overweight_Level_I
12488,Overweight_Level_I
12489,Insufficient_Weight
12490,Overweight_Level_I
12491,Obesity_Type_II
12492,Obesity_Type_II
12493,Obesity_Type_I
12494,Obesity_Type_III
12495,Normal_Weight
12496,Obesity_Type_II
12497,Obesity_Type_II
12498,Obesity_Type_III
12499,Obesity_Type_I
12500,Obesity_Type_II
12501,Overweight_Level_I
12502,Obesity_Type_II
12503,Obesity_Type_III
12504,Obesity_Type_II
12505,Insufficient_Weight
12506,Obesity_Type_III
12507,Overweight_Level_I
12508,Obesity_Type_II
12509,Normal_Weight
12510,Obesity_Type_II
12511,Obesity_Type_I
12512,Obesity_Type_I
12513,Obesity_Type_III
12514,Insufficient_Weight
12515,Obesity_Type_III
12516,Overweight_Level_I
12517,Normal_Weight
12518,Obesity_Type_III
12519,Obesity_Type_I
12520,Obesity_Type_II
12521,Insufficient_Weight
12522,Obesity_Type_II
12523,Obesity_Type_I
12524,Obesity_Type_III
12525,Obesity_Type_II
12526,Obesity_Type_II
12527,Obesity_Type_III
12528,Obesity_Type_I
12529,Obesity_Type_II
12530,Obesity_Type_III
12531,Obesity_Type_III
12532,Obesity_Type_III
12533,Obesity_Type_III
12534,Insufficient_Weight
12535,Overweight_Level_I
12536,Obesity_Type_III
12537,Obesity_Type_III
12538,Normal_Weight
12539,Insufficient_Weight
12540,Overweight_Level_I
12541,Obesity_Type_II
12542,Obesity_Type_III
12543,Obesity_Type_I
12544,Obesity_Type_III
12545,Obesity_Type_II
12546,Obesity_Type_III
12547,Obesity_Type_III
12548,Obesity_Type_III
12549,Obesity_Type_II
12550,Obesity_Type_II
12551,Obesity_Type_II
12552,Overweight_Level_I
12553,Obesity_Type_II
12554,Obesity_Type_II
12555,Obesity_Type_III
12556,Obesity_Type_III
12557,Overweight_Level_I
12558,Overweight_Level_I
12559,Obesity_Type_II
12560,Overweight_Level_I
12561,Obesity_Type_I
12562,Obesity_Type_III
12563,Obesity_Type_II
12564,Insufficient_Weight
12565,Obesity_Type_II
12566,Normal_Weight
12567,Obesity_Type_II
12568,Obesity_Type_III
12569,Normal_Weight
12570,Overweight_Level_I
12571,Insufficient_Weight
12572,Obesity_Type_III
12573,Obesity_Type_II
12574,Normal_Weight
12575,Obesity_Type_III
12576,Obesity_Type_III
12577,Obesity_Type_II
12578,Insufficient_Weight
12579,Obesity_Type_III
12580,Obesity_Type_II
12581,Insufficient_Weight
12582,Obesity_Type_III
12583,Obesity_Type_III
12584,Obesity_Type_II
12585,Obesity_Type_III
12586,Obesity_Type_II
12587,Insufficient_Weight
12588,Overweight_Level_I
12589,Insufficient_Weight
12590,Obesity_Type_III
12591,Obesity_Type_III
12592,Obesity_Type_III
12593,Obesity_Type_II
12594,Obesity_Type_II
12595,Overweight_Level_I
12596,Obesity_Type_II
12597,Insufficient_Weight
12598,Obesity_Type_II
12599,Obesity_Type_III
12600,Obesity_Type_II
12601,Overweight_Level_I
12602,Obesity_Type_III
12603,Obesity_Type_II
12604,Normal_Weight
12605,Obesity_Type_II
12606,Obesity_Type_III
12607,Overweight_Level_I
12608,Obesity_Type_II
12609,Overweight_Level_I
12610,Obesity_Type_III
12611,Obesity_Type_II
12612,Overweight_Level_I
12613,Normal_Weight
12614,Obesity_Type_II
12615,Obesity_Type_III
12616,Obesity_Type_III
12617,Obesity_Type_III
12618,Obesity_Type_I
12619,Normal_Weight
12620,Obesity_Type_III
12621,Obesity_Type_III
12622,Obesity_Type_II
12623,Obesity_Type_II
12624,Overweight_Level_I
12625,Obesity_Type_III
12626,Obesity_Type_III
12627,Obesity_Type_II
12628,Obesity_Type_II
12629,Obesity_Type_II
12630,Obesity_Type_II
12631,Obesity_Type_II
12632,Obesity_Type_I
12633,Obesity_Type_I
12634,Obesity_Type_II
12635,Overweight_Level_I
12636,Obesity_Type_III
12637,Insufficient_Weight
12638,Obesity_Type_II
12639,Overweight_Level_I
12640,Obesity_Type_III
12641,Overweight_Level_I
12642,Obesity_Type_II
12643,Obesity_Type_III
12644,Obesity_Type_III
12645,Obesity_Type_I
12646,Obesity_Type_II
12647,Obesity_Type_II
12648,Obesity_Type_II
12649,Obesity_Type_III
12650,Normal_Weight
12651,Normal_Weight
12652,Obesity_Type_III
12653,Overweight_Level_I
12654,Obesity_Type_III
12655,Obesity_Type_III
12656,Insufficient_Weight
12657,Normal_Weight
12658,Normal_Weight
12659,Obesity_Type_II
12660,Insufficient_Weight
12661,Overweight_Level_I
12662,Obesity_Type_III
12663,Obesity_Type_III
12664,Obesity_Type_III
12665,Obesity_Type_II
12666,Obesity_Type_III
12667,Obesity_Type_II
12668,Obesity_Type_III
12669,Overweight_Level_I
12670,Obesity_Type_III
12671,Overweight_Level_I
12672,Obesity_Type_III
12673,Obesity_Type_II
12674,Normal_Weight
12675,Overweight_Level_I
12676,Normal_Weight
12677,Obesity_Type_III
12678,Normal_Weight
12679,Insufficient_Weight
12680,Obesity_Type_II
12681,Obesity_Type_I
12682,Overweight_Level_I
12683,Obesity_Type_II
12684,Obesity_Type_III
12685,Insufficient_Weight
12686,Overweight_Level_I
12687,Overweight_Level_I
12688,Obesity_Type_II
12689,Overweight_Level_I
12690,Obesity_Type_III
12691,Obesity_Type_III
12692,Obesity_Type_III
12693,Normal_Weight
12694,Obesity_Type_II
12695,Obesity_Type_III
12696,Overweight_Level_I
12697,Insufficient_Weight
12698,Obesity_Type_III
12699,Obesity_Type_III
12700,Insufficient_Weight
12701,Overweight_Level_I
12702,Obesity_Type_II
12703,Obesity_Type_III
12704,Obesity_Type_II
12705,Obesity_Type_III
12706,Obesity_Type_II
12707,Obesity_Type_III
12708,Obesity_Type_III
12709,Normal_Weight
12710,Obesity_Type_II
12711,Obesity_Type_II
12712,Overweight_Level_I
12713,Insufficient_Weight
12714,Obesity_Type_II
12715,Obesity_Type_II
12716,Obesity_Type_II
12717,Obesity_Type_II
12718,Insufficient_Weight
12719,Obesity_Type_II
12720,Obesity_Type_II
12721,Obesity_Type_III
12722,Obesity_Type_III
12723,Insufficient_Weight
12724,Obesity_Type_II
12725,Obesity_Type_III
12726,Obesity_Type_III
12727,Obesity_Type_III
12728,Normal_Weight
12729,Overweight_Level_I
12730,Obesity_Type_II
12731,Overweight_Level_I
12732,Obesity_Type_II
12733,Obesity_Type_II
12734,Obesity_Type_II
12735,Obesity_Type_III
12736,Obesity_Type_III
12737,Overweight_Level_I
12738,Obesity_Type_II
12739,Overweight_Level_I
12740,Insufficient_Weight
12741,Obesity_Type_III
12742,Overweight_Level_I
12743,Obesity_Type_II
12744,Obesity_Type_III
12745,Insufficient_Weight
12746,Normal_Weight
12747,Overweight_Level_I
12748,Obesity_Type_II
12749,Obesity_Type_III
12750,Normal_Weight
12751,Normal_Weight
12752,Obesity_Type_II
12753,Insufficient_Weight
12754,Obesity_Type_III
12755,Insufficient_Weight
12756,Normal_Weight
12757,Obesity_Type_II
12758,Obesity_Type_III
12759,Obesity_Type_II
12760,Obesity_Type_II
12761,Obesity_Type_III
12762,Obesity_Type_III
12763,Insufficient_Weight
12764,Obesity_Type_III
12765,Obesity_Type_III
12766,Overweight_Level_I
12767,Overweight_Level_I
12768,Obesity_Type_II
12769,Obesity_Type_III
12770,Obesity_Type_II
12771,Obesity_Type_I
12772,Insufficient_Weight
12773,Obesity_Type_III
12774,Obesity_Type_III
12775,Insufficient_Weight
12776,Obesity_Type_III
12777,Overweight_Level_I
12778,Insufficient_Weight
12779,Obesity_Type_II
12780,Obesity_Type_III
12781,Overweight_Level_I
12782,Overweight_Level_I
12783,Normal_Weight
12784,Obesity_Type_II
12785,Obesity_Type_III
12786,Insufficient_Weight
12787,Obesity_Type_III
12788,Obesity_Type_II
12789,Normal_Weight
12790,Obesity_Type_II
12791,Normal_Weight
12792,Obesity_Type_III
12793,Normal_Weight
12794,Obesity_Type_I
12795,Obesity_Type_III
12796,Obesity_Type_II
12797,Obesity_Type_II
12798,Obesity_Type_II
12799,Obesity_Type_III
12800,Overweight_Level_I
12801,Normal_Weight
12802,Overweight_Level_I
12803,Obesity_Type_III
12804,Normal_Weight
12805,Overweight_Level_I
12806,Obesity_Type_II
12807,Obesity_Type_II
12808,Overweight_Level_I
12809,Normal_Weight
12810,Insufficient_Weight
12811,Obesity_Type_II
12812,Obesity_Type_II
12813,Obesity_Type_III
12814,Normal_Weight
12815,Normal_Weight
12816,Insufficient_Weight
12817,Overweight_Level_I
12818,Obesity_Type_III
12819,Obesity_Type_II
12820,Obesity_Type_III
12821,Obesity_Type_III
12822,Obesity_Type_III
12823,Obesity_Type_II
12824,Obesity_Type_II
12825,Obesity_Type_II
12826,Insufficient_Weight
12827,Overweight_Level_I
12828,Obesity_Type_II
12829,Obesity_Type_III
12830,Obesity_Type_III
12831,Obesity_Type_II
12832,Obesity_Type_II
12833,Insufficient_Weight
12834,Obesity_Type_II
12835,Obesity_Type_II
12836,Obesity_Type_III
12837,Insufficient_Weight
12838,Obesity_Type_II
12839,Obesity_Type_II
12840,Obesity_Type_I
12841,Insufficient_Weight
12842,Obesity_Type_III
12843,Obesity_Type_II
12844,Obesity_Type_II
12845,Overweight_Level_I
12846,Obesity_Type_II
12847,Obesity_Type_II
12848,Obesity_Type_II
12849,Obesity_Type_III
12850,Obesity_Type_III
12851,Obesity_Type_II
12852,Obesity_Type_III
12853,Obesity_Type_III
12854,Obesity_Type_II
12855,Obesity_Type_II
12856,Obesity_Type_II
12857,Obesity_Type_III
12858,Obesity_Type_III
12859,Obesity_Type_II
12860,Obesity_Type_III
12861,Obesity_Type_II
12862,Insufficient_Weight
12863,Obesity_Type_II
12864,Obesity_Type_III
12865,Insufficient_Weight
12866,Obesity_Type_III
12867,Obesity_Type_III
12868,Obesity_Type_I
12869,Obesity_Type_III
12870,Obesity_Type_III
12871,Obesity_Type_I
12872,Obesity_Type_II
12873,Obesity_Type_III
12874,Obesity_Type_III
12875,Obesity_Type_II
12876,Obesity_Type_III
12877,Obesity_Type_II
12878,Obesity_Type_III
12879,Obesity_Type_III
12880,Obesity_Type_II
12881,Obesity_Type_III
12882,Obesity_Type_III
12883,Obesity_Type_III
12884,Obesity_Type_II
12885,Insufficient_Weight
12886,Obesity_Type_II
12887,Insufficient_Weight
12888,Obesity_Type_II
12889,Obesity_Type_III
12890,Normal_Weight
12891,Obesity_Type_III
12892,Obesity_Type_II
12893,Obesity_Type_II
12894,Obesity_Type_III
12895,Obesity_Type_III
12896,Obesity_Type_III
12897,Normal_Weight
12898,Obesity_Type_II
12899,Obesity_Type_I
12900,Insufficient_Weight
12901,Obesity_Type_II
12902,Insufficient_Weight
12903,Obesity_Type_II
12904,Obesity_Type_III
12905,Obesity_Type_II
12906,Obesity_Type_II
12907,Obesity_Type_II
12908,Obesity_Type_II
12909,Obesity_Type_III
12910,Insufficient_Weight
12911,Obesity_Type_II
12912,Obesity_Type_II
12913,Normal_Weight
12914,Obesity_Type_III
12915,Obesity_Type_III
12916,Obesity_Type_II
12917,Insufficient_Weight
12918,Insufficient_Weight
12919,Normal_Weight
12920,Normal_Weight
12921,Obesity_Type_III
12922,Insufficient_Weight
12923,Insufficient_Weight
12924,Normal_Weight
12925,Obesity_Type_II
12926,Insufficient_Weight
12927,Obesity_Type_II
12928,Obesity_Type_II
12929,Obesity_Type_II
12930,Obesity_Type_III
12931,Overweight_Level_I
12932,Obesity_Type_II
12933,Obesity_Type_II
12934,Obesity_Type_I
12935,Normal_Weight
12936,Insufficient_Weight
12937,Insufficient_Weight
12938,Normal_Weight
12939,Obesity_Type_II
12940,Obesity_Type_II
12941,Insufficient_Weight
12942,Obesity_Type_III
12943,Overweight_Level_I
12944,Obesity_Type_II
12945,Insufficient_Weight
12946,Obesity_Type_III
12947,Obesity_Type_II
12948,Obesity_Type_II
12949,Obesity_Type_II
12950,Obesity_Type_II
12951,Normal_Weight
12952,Obesity_Type_II
12953,Insufficient_Weight
12954,Obesity_Type_III
12955,Obesity_Type_II
12956,Obesity_Type_III
12957,Overweight_Level_I
12958,Obesity_Type_II
12959,Obesity_Type_III
12960,Normal_Weight
12961,Obesity_Type_III
12962,Insufficient_Weight
12963,Overweight_Level_I
12964,Obesity_Type_II
12965,Overweight_Level_I
12966,Normal_Weight
12967,Obesity_Type_II
12968,Obesity_Type_III
12969,Overweight_Level_I
12970,Obesity_Type_II
12971,Obesity_Type_III
12972,Overweight_Level_I
12973,Obesity_Type_III
12974,Overweight_Level_I
12975,Normal_Weight
12976,Insufficient_Weight
12977,Obesity_Type_II
12978,Obesity_Type_III
12979,Obesity_Type_II
12980,Obesity_Type_III
12981,Overweight_Level_I
12982,Obesity_Type_III
12983,Obesity_Type_II
12984,Obesity_Type_II
12985,Obesity_Type_III
12986,Obesity_Type_II
12987,Obesity_Type_III
12988,Obesity_Type_III
12989,Insufficient_Weight
12990,Obesity_Type_III
12991,Obesity_Type_II
12992,Overweight_Level_I
12993,Overweight_Level_I
12994,Insufficient_Weight
12995,Obesity_Type_I
12996,Overweight_Level_I
12997,Insufficient_Weight
12998,Obesity_Type_II
12999,Insufficient_Weight
13000,Overweight_Level_I
13001,Obesity_Type_III
13002,Insufficient_Weight
13003,Obesity_Type_II
13004,Insufficient_Weight
13005,Insufficient_Weight
13006,Obesity_Type_II
13007,Overweight_Level_I
13008,Obesity_Type_II
13009,Obesity_Type_III
13010,Obesity_Type_III
13011,Obesity_Type_III
13012,Obesity_Type_III
13013,Obesity_Type_III
13014,Obesity_Type_II
13015,Obesity_Type_I
13016,Obesity_Type_III
13017,Obesity_Type_III
13018,Obesity_Type_III
13019,Overweight_Level_I
13020,Obesity_Type_I
13021,Obesity_Type_II
13022,Overweight_Level_I
13023,Insufficient_Weight
13024,Normal_Weight
13025,Obesity_Type_II
13026,Normal_Weight
13027,Obesity_Type_II
13028,Obesity_Type_III
13029,Obesity_Type_II
13030,Insufficient_Weight
13031,Insufficient_Weight
13032,Obesity_Type_III
13033,Overweight_Level_I
13034,Obesity_Type_II
13035,Obesity_Type_II
13036,Obesity_Type_I
13037,Obesity_Type_II
13038,Obesity_Type_II
13039,Obesity_Type_I
13040,Overweight_Level_I
13041,Normal_Weight
13042,Obesity_Type_III
13043,Obesity_Type_II
13044,Obesity_Type_III
13045,Overweight_Level_I
13046,Overweight_Level_I
13047,Obesity_Type_III
13048,Obesity_Type_III
13049,Obesity_Type_III
13050,Obesity_Type_III
13051,Obesity_Type_II
13052,Insufficient_Weight
13053,Normal_Weight
13054,Obesity_Type_III
13055,Obesity_Type_III
13056,Obesity_Type_III
13057,Overweight_Level_I
13058,Obesity_Type_II
13059,Obesity_Type_III
13060,Overweight_Level_I
13061,Normal_Weight
13062,Obesity_Type_II
13063,Obesity_Type_I
13064,Insufficient_Weight
13065,Insufficient_Weight
13066,Obesity_Type_I
13067,Obesity_Type_II
13068,Obesity_Type_II
13069,Obesity_Type_III
13070,Overweight_Level_I
13071,Obesity_Type_II
13072,Obesity_Type_II
13073,Normal_Weight
13074,Obesity_Type_III
13075,Normal_Weight
13076,Obesity_Type_I
13077,Obesity_Type_III
13078,Obesity_Type_II
13079,Obesity_Type_II
13080,Insufficient_Weight
13081,Obesity_Type_I
13082,Obesity_Type_III
13083,Obesity_Type_III
13084,Overweight_Level_I
13085,Insufficient_Weight
13086,Obesity_Type_III
13087,Overweight_Level_I
13088,Obesity_Type_II
13089,Insufficient_Weight
13090,Obesity_Type_III
13091,Obesity_Type_III
13092,Normal_Weight
13093,Normal_Weight
13094,Obesity_Type_I
13095,Obesity_Type_III
13096,Obesity_Type_III
13097,Overweight_Level_I
13098,Overweight_Level_I
13099,Obesity_Type_III
13100,Overweight_Level_I
13101,Obesity_Type_II
13102,Overweight_Level_I
13103,Obesity_Type_II
13104,Obesity_Type_II
13105,Obesity_Type_III
13106,Obesity_Type_III
13107,Insufficient_Weight
13108,Obesity_Type_III
13109,Overweight_Level_I
13110,Normal_Weight
13111,Overweight_Level_I
13112,Obesity_Type_II
13113,Obesity_Type_III
13114,Obesity_Type_III
13115,Obesity_Type_III
13116,Overweight_Level_I
13117,Obesity_Type_II
13118,Obesity_Type_II
13119,Insufficient_Weight
13120,Obesity_Type_I
13121,Obesity_Type_II
13122,Normal_Weight
13123,Normal_Weight
13124,Obesity_Type_II
13125,Obesity_Type_II
13126,Overweight_Level_I
13127,Insufficient_Weight
13128,Obesity_Type_III
13129,Obesity_Type_III
13130,Normal_Weight
13131,Obesity_Type_II
13132,Obesity_Type_III
13133,Obesity_Type_III
13134,Obesity_Type_II
13135,Obesity_Type_III
13136,Obesity_Type_II
13137,Obesity_Type_II
13138,Insufficient_Weight
13139,Obesity_Type_II
13140,Overweight_Level_I
13141,Obesity_Type_II
13142,Obesity_Type_II
13143,Overweight_Level_I
13144,Overweight_Level_I
13145,Normal_Weight
13146,Overweight_Level_I
13147,Obesity_Type_III
13148,Obesity_Type_III
13149,Obesity_Type_I
13150,Insufficient_Weight
13151,Overweight_Level_I
13152,Obesity_Type_II
13153,Overweight_Level_I
13154,Normal_Weight
13155,Obesity_Type_II
13156,Obesity_Type_II
13157,Overweight_Level_I
13158,Normal_Weight
13159,Insufficient_Weight
13160,Obesity_Type_I
13161,Normal_Weight
13162,Obesity_Type_III
13163,Obesity_Type_II
13164,Normal_Weight
13165,Obesity_Type_II
13166,Obesity_Type_III
13167,Overweight_Level_I
13168,Overweight_Level_I
13169,Overweight_Level_I
13170,Obesity_Type_III
13171,Insufficient_Weight
13172,Normal_Weight
13173,Insufficient_Weight
13174,Obesity_Type_II
13175,Normal_Weight
13176,Obesity_Type_II
13177,Insufficient_Weight
13178,Obesity_Type_III
13179,Insufficient_Weight
13180,Obesity_Type_II
13181,Overweight_Level_I
13182,Obesity_Type_III
13183,Obesity_Type_II
13184,Normal_Weight
13185,Obesity_Type_III
13186,Obesity_Type_II
13187,Obesity_Type_II
13188,Insufficient_Weight
13189,Obesity_Type_III
13190,Obesity_Type_III
13191,Obesity_Type_III
13192,Obesity_Type_II
13193,Insufficient_Weight
13194,Insufficient_Weight
13195,Obesity_Type_III
13196,Insufficient_Weight
13197,Obesity_Type_III
13198,Obesity_Type_III
13199,Insufficient_Weight
13200,Normal_Weight
13201,Obesity_Type_II
13202,Insufficient_Weight
13203,Obesity_Type_III
13204,Overweight_Level_I
13205,Insufficient_Weight
13206,Obesity_Type_III
13207,Normal_Weight
13208,Obesity_Type_III
13209,Obesity_Type_III
13210,Obesity_Type_II
13211,Normal_Weight
13212,Overweight_Level_I
13213,Overweight_Level_I
13214,Obesity_Type_III
13215,Insufficient_Weight
13216,Obesity_Type_III
13217,Obesity_Type_III
13218,Obesity_Type_II
13219,Obesity_Type_III
13220,Obesity_Type_II
13221,Overweight_Level_I
13222,Overweight_Level_I
13223,Obesity_Type_II
13224,Obesity_Type_III
13225,Insufficient_Weight
13226,Obesity_Type_III
13227,Overweight_Level_I
13228,Obesity_Type_II
13229,Obesity_Type_III
13230,Obesity_Type_I
13231,Overweight_Level_I
13232,Obesity_Type_II
13233,Overweight_Level_I
13234,Overweight_Level_I
13235,Insufficient_Weight
13236,Overweight_Level_I
13237,Obesity_Type_III
13238,Obesity_Type_III
13239,Obesity_Type_III
13240,Obesity_Type_I
13241,Obesity_Type_III
13242,Insufficient_Weight
13243,Obesity_Type_II
13244,Overweight_Level_I
13245,Obesity_Type_I
13246,Overweight_Level_I
13247,Obesity_Type_I
13248,Obesity_Type_II
13249,Obesity_Type_II
13250,Obesity_Type_II
13251,Insufficient_Weight
13252,Obesity_Type_III
13253,Insufficient_Weight
13254,Normal_Weight
13255,Obesity_Type_III
13256,Obesity_Type_III
13257,Insufficient_Weight
13258,Insufficient_Weight
13259,Insufficient_Weight
13260,Obesity_Type_II
13261,Obesity_Type_I
13262,Obesity_Type_III
13263,Insufficient_Weight
13264,Obesity_Type_II
13265,Normal_Weight
13266,Obesity_Type_II
13267,Overweight_Level_I
13268,Obesity_Type_II
13269,Overweight_Level_I
13270,Normal_Weight
13271,Overweight_Level_I
13272,Normal_Weight
13273,Obesity_Type_II
13274,Obesity_Type_III
13275,Obesity_Type_III
13276,Obesity_Type_III
13277,Obesity_Type_II
13278,Obesity_Type_III
13279,Obesity_Type_II
13280,Obesity_Type_II
13281,Normal_Weight
13282,Overweight_Level_I
13283,Normal_Weight
13284,Insufficient_Weight
13285,Normal_Weight
13286,Normal_Weight
13287,Overweight_Level_I
13288,Obesity_Type_II
13289,Obesity_Type_II
13290,Normal_Weight
13291,Obesity_Type_III
13292,Overweight_Level_I
13293,Obesity_Type_I
13294,Obesity_Type_II
13295,Insufficient_Weight
13296,Normal_Weight
13297,Obesity_Type_II
13298,Obesity_Type_I
13299,Obesity_Type_II
13300,Obesity_Type_III
13301,Obesity_Type_I
13302,Insufficient_Weight
13303,Obesity_Type_III
13304,Obesity_Type_III
13305,Insufficient_Weight
13306,Obesity_Type_I
13307,Obesity_Type_III
13308,Insufficient_Weight
13309,Obesity_Type_I
13310,Obesity_Type_III
13311,Overweight_Level_I
13312,Obesity_Type_I
13313,Obesity_Type_II
13314,Insufficient_Weight
13315,Obesity_Type_I
13316,Obesity_Type_III
13317,Obesity_Type_III
13318,Normal_Weight
13319,Obesity_Type_III
13320,Insufficient_Weight
13321,Obesity_Type_III
13322,Obesity_Type_II
13323,Obesity_Type_II
13324,Obesity_Type_III
13325,Obesity_Type_I
13326,Obesity_Type_II
13327,Obesity_Type_II
13328,Obesity_Type_III
13329,Obesity_Type_II
13330,Obesity_Type_I
13331,Obesity_Type_I
13332,Insufficient_Weight
13333,Obesity_Type_II
13334,Obesity_Type_I
13335,Obesity_Type_II
13336,Obesity_Type_III
13337,Normal_Weight
13338,Overweight_Level_I
13339,Insufficient_Weight
13340,Obesity_Type_III
13341,Obesity_Type_II
13342,Overweight_Level_I
13343,Insufficient_Weight
13344,Insufficient_Weight
13345,Insufficient_Weight
13346,Obesity_Type_III
13347,Obesity_Type_II
13348,Obesity_Type_III
13349,Obesity_Type_II
13350,Overweight_Level_I
13351,Obesity_Type_II
13352,Obesity_Type_II
13353,Obesity_Type_II
13354,Normal_Weight
13355,Overweight_Level_I
13356,Overweight_Level_I
13357,Obesity_Type_III
13358,Overweight_Level_I
13359,Obesity_Type_I
13360,Obesity_Type_II
13361,Obesity_Type_III
13362,Insufficient_Weight
13363,Obesity_Type_II
13364,Obesity_Type_II
13365,Obesity_Type_III
13366,Insufficient_Weight
13367,Overweight_Level_I
13368,Obesity_Type_III
13369,Insufficient_Weight
13370,Obesity_Type_III
13371,Overweight_Level_I
13372,Obesity_Type_III
13373,Obesity_Type_III
13374,Normal_Weight
13375,Obesity_Type_II
13376,Obesity_Type_III
13377,Obesity_Type_I
13378,Overweight_Level_I
13379,Obesity_Type_III
13380,Obesity_Type_II
13381,Overweight_Level_I
13382,Insufficient_Weight
13383,Obesity_Type_III
13384,Overweight_Level_I
13385,Obesity_Type_I
13386,Obesity_Type_II
13387,Insufficient_Weight
13388,Obesity_Type_II
13389,Obesity_Type_II
13390,Obesity_Type_III
13391,Obesity_Type_II
13392,Insufficient_Weight
13393,Obesity_Type_III
13394,Obesity_Type_III
13395,Obesity_Type_III
13396,Obesity_Type_II
13397,Obesity_Type_III
13398,Obesity_Type_II
13399,Obesity_Type_II
13400,Normal_Weight
13401,Obesity_Type_II
13402,Obesity_Type_III
13403,Obesity_Type_III
13404,Obesity_Type_II
13405,Normal_Weight
13406,Obesity_Type_III
13407,Overweight_Level_I
13408,Normal_Weight
13409,Normal_Weight
13410,Obesity_Type_III
13411,Overweight_Level_I
13412,Overweight_Level_I
13413,Obesity_Type_II
13414,Overweight_Level_I
13415,Obesity_Type_III
13416,Obesity_Type_II
13417,Obesity_Type_III
13418,Obesity_Type_III
13419,Obesity_Type_II
13420,Obesity_Type_III
13421,Overweight_Level_I
13422,Obesity_Type_II
13423,Normal_Weight
13424,Obesity_Type_III
13425,Obesity_Type_III
13426,Obesity_Type_III
13427,Obesity_Type_II
13428,Obesity_Type_III
13429,Normal_Weight
13430,Insufficient_Weight
13431,Normal_Weight
13432,Overweight_Level_I
13433,Obesity_Type_III
13434,Insufficient_Weight
13435,Obesity_Type_II
13436,Overweight_Level_I
13437,Obesity_Type_III
13438,Obesity_Type_II
13439,Obesity_Type_II
13440,Obesity_Type_I
13441,Obesity_Type_II
13442,Obesity_Type_III
13443,Insufficient_Weight
13444,Obesity_Type_III
13445,Obesity_Type_II
13446,Obesity_Type_III
13447,Insufficient_Weight
13448,Normal_Weight
13449,Obesity_Type_II
13450,Obesity_Type_III
13451,Obesity_Type_III
13452,Obesity_Type_II
13453,Obesity_Type_III
13454,Overweight_Level_I
13455,Obesity_Type_II
13456,Obesity_Type_III
13457,Obesity_Type_III
13458,Obesity_Type_II
13459,Obesity_Type_II
13460,Obesity_Type_II
13461,Insufficient_Weight
13462,Obesity_Type_III
13463,Overweight_Level_I
13464,Obesity_Type_II
13465,Obesity_Type_III
13466,Insufficient_Weight
13467,Obesity_Type_III
13468,Obesity_Type_II
13469,Obesity_Type_III
13470,Overweight_Level_I
13471,Obesity_Type_III
13472,Overweight_Level_I
13473,Obesity_Type_III
13474,Obesity_Type_III
13475,Obesity_Type_II
13476,Obesity_Type_III
13477,Obesity_Type_I
13478,Obesity_Type_II
13479,Insufficient_Weight
13480,Obesity_Type_III
13481,Overweight_Level_II
13482,Obesity_Type_III
13483,Obesity_Type_II
13484,Obesity_Type_II
13485,Insufficient_Weight
13486,Obesity_Type_II
13487,Obesity_Type_II
13488,Overweight_Level_I
13489,Obesity_Type_II
13490,Normal_Weight
13491,Overweight_Level_I
13492,Normal_Weight
13493,Overweight_Level_I
13494,Obesity_Type_II
13495,Obesity_Type_II
13496,Normal_Weight
13497,Obesity_Type_III
13498,Obesity_Type_II
13499,Obesity_Type_I
13500,Insufficient_Weight
13501,Obesity_Type_III
13502,Obesity_Type_III
13503,Obesity_Type_I
13504,Obesity_Type_III
13505,Obesity_Type_II
13506,Obesity_Type_III
13507,Overweight_Level_I
13508,Overweight_Level_I
13509,Overweight_Level_I
13510,Obesity_Type_III
13511,Obesity_Type_II
13512,Obesity_Type_II
13513,Obesity_Type_II
13514,Obesity_Type_III
13515,Overweight_Level_I
13516,Obesity_Type_III
13517,Obesity_Type_III
13518,Obesity_Type_II
13519,Obesity_Type_III
13520,Normal_Weight
13521,Overweight_Level_I
13522,Obesity_Type_III
13523,Normal_Weight
13524,Overweight_Level_I
13525,Overweight_Level_I
13526,Obesity_Type_II
13527,Obesity_Type_III
13528,Obesity_Type_II
13529,Overweight_Level_I
13530,Obesity_Type_III
13531,Obesity_Type_II
13532,Overweight_Level_I
13533,Obesity_Type_II
13534,Obesity_Type_II
13535,Obesity_Type_III
13536,Obesity_Type_III
13537,Insufficient_Weight
13538,Obesity_Type_II
13539,Obesity_Type_III
13540,Obesity_Type_II
13541,Overweight_Level_I
13542,Obesity_Type_III
13543,Obesity_Type_I
13544,Overweight_Level_I
13545,Obesity_Type_II
13546,Overweight_Level_I
13547,Overweight_Level_I
13548,Normal_Weight
13549,Obesity_Type_II
13550,Obesity_Type_II
13551,Obesity_Type_II
13552,Obesity_Type_II
13553,Obesity_Type_III
13554,Overweight_Level_I
13555,Obesity_Type_II
13556,Obesity_Type_III
13557,Normal_Weight
13558,Obesity_Type_II
13559,Normal_Weight
13560,Obesity_Type_III
13561,Obesity_Type_I
13562,Obesity_Type_III
13563,Obesity_Type_II
13564,Insufficient_Weight
13565,Obesity_Type_III
13566,Obesity_Type_III
13567,Obesity_Type_III
13568,Insufficient_Weight
13569,Obesity_Type_III
13570,Obesity_Type_III
13571,Obesity_Type_III
13572,Obesity_Type_I
13573,Overweight_Level_I
13574,Obesity_Type_II
13575,Obesity_Type_II
13576,Obesity_Type_II
13577,Obesity_Type_II
13578,Overweight_Level_I
13579,Insufficient_Weight
13580,Obesity_Type_II
13581,Normal_Weight
13582,Obesity_Type_III
13583,Obesity_Type_II
13584,Overweight_Level_I
13585,Obesity_Type_II
13586,Obesity_Type_III
13587,Obesity_Type_II
13588,Obesity_Type_II
13589,Overweight_Level_I
13590,Insufficient_Weight
13591,Obesity_Type_II
13592,Normal_Weight
13593,Obesity_Type_II
13594,Normal_Weight
13595,Insufficient_Weight
13596,Obesity_Type_II
13597,Obesity_Type_II
13598,Obesity_Type_III
13599,Insufficient_Weight
13600,Obesity_Type_I
13601,Obesity_Type_II
13602,Normal_Weight
13603,Obesity_Type_III
13604,Obesity_Type_II
13605,Obesity_Type_III
13606,Obesity_Type_II
13607,Obesity_Type_II
13608,Obesity_Type_II
13609,Obesity_Type_III
13610,Obesity_Type_III
13611,Obesity_Type_III
13612,Normal_Weight
13613,Obesity_Type_III
13614,Normal_Weight
13615,Insufficient_Weight
13616,Obesity_Type_I
13617,Overweight_Level_I
13618,Obesity_Type_II
13619,Obesity_Type_III
13620,Obesity_Type_III
13621,Obesity_Type_III
13622,Obesity_Type_III
13623,Overweight_Level_I
13624,Obesity_Type_II
13625,Obesity_Type_II
13626,Obesity_Type_I
13627,Obesity_Type_III
13628,Obesity_Type_II
13629,Obesity_Type_II
13630,Insufficient_Weight
13631,Obesity_Type_III
13632,Insufficient_Weight
13633,Normal_Weight
13634,Obesity_Type_III
13635,Obesity_Type_II
13636,Obesity_Type_II
13637,Normal_Weight
13638,Normal_Weight
13639,Obesity_Type_III
13640,Overweight_Level_I
13641,Obesity_Type_III
13642,Normal_Weight
13643,Insufficient_Weight
13644,Obesity_Type_III
13645,Obesity_Type_II
13646,Normal_Weight
13647,Normal_Weight
13648,Obesity_Type_II
13649,Overweight_Level_I
13650,Obesity_Type_III
13651,Obesity_Type_II
13652,Obesity_Type_II
13653,Obesity_Type_II
13654,Obesity_Type_II
13655,Obesity_Type_II
13656,Overweight_Level_I
13657,Obesity_Type_III
13658,Obesity_Type_III
13659,Normal_Weight
13660,Obesity_Type_II
13661,Overweight_Level_I
13662,Obesity_Type_III
13663,Overweight_Level_I
13664,Overweight_Level_I
13665,Obesity_Type_II
13666,Normal_Weight
13667,Overweight_Level_I
13668,Obesity_Type_II
13669,Obesity_Type_II
13670,Obesity_Type_III
13671,Obesity_Type_II
13672,Obesity_Type_III
13673,Obesity_Type_III
13674,Obesity_Type_III
13675,Obesity_Type_II
13676,Obesity_Type_III
13677,Obesity_Type_III
13678,Obesity_Type_III
13679,Obesity_Type_III
13680,Obesity_Type_II
13681,Obesity_Type_I
13682,Obesity_Type_II
13683,Overweight_Level_I
13684,Obesity_Type_II
13685,Obesity_Type_III
13686,Obesity_Type_II
13687,Obesity_Type_III
13688,Obesity_Type_II
13689,Obesity_Type_III
13690,Obesity_Type_II
13691,Normal_Weight
13692,Obesity_Type_III
13693,Insufficient_Weight
13694,Obesity_Type_II
13695,Obesity_Type_II
13696,Overweight_Level_I
13697,Obesity_Type_I
13698,Obesity_Type_II
13699,Obesity_Type_III
13700,Obesity_Type_III
13701,Insufficient_Weight
13702,Obesity_Type_II
13703,Obesity_Type_II
13704,Obesity_Type_I
13705,Obesity_Type_II
13706,Obesity_Type_III
13707,Obesity_Type_III
13708,Obesity_Type_III
13709,Overweight_Level_I
13710,Obesity_Type_III
13711,Insufficient_Weight
13712,Obesity_Type_II
13713,Obesity_Type_II
13714,Normal_Weight
13715,Insufficient_Weight
13716,Normal_Weight
13717,Normal_Weight
13718,Obesity_Type_I
13719,Obesity_Type_III
13720,Obesity_Type_III
13721,Obesity_Type_II
13722,Obesity_Type_III
13723,Obesity_Type_III
13724,Insufficient_Weight
13725,Obesity_Type_II
13726,Obesity_Type_III
13727,Obesity_Type_II
13728,Insufficient_Weight
13729,Obesity_Type_III
13730,Obesity_Type_III
13731,Obesity_Type_II
13732,Obesity_Type_II
13733,Obesity_Type_II
13734,Obesity_Type_III
13735,Obesity_Type_III
13736,Obesity_Type_II
13737,Obesity_Type_II
13738,Obesity_Type_II
13739,Obesity_Type_II
13740,Normal_Weight
13741,Obesity_Type_III
13742,Insufficient_Weight
13743,Obesity_Type_II
13744,Normal_Weight
13745,Insufficient_Weight
13746,Obesity_Type_III
13747,Obesity_Type_III
13748,Obesity_Type_III
13749,Obesity_Type_III
13750,Obesity_Type_I
13751,Insufficient_Weight
13752,Obesity_Type_III
13753,Obesity_Type_II
13754,Obesity_Type_III
13755,Overweight_Level_I
13756,Obesity_Type_III
13757,Normal_Weight
13758,Obesity_Type_III
13759,Obesity_Type_II
13760,Obesity_Type_II
13761,Obesity_Type_III
13762,Obesity_Type_II
13763,Obesity_Type_II
13764,Obesity_Type_II
13765,Insufficient_Weight
13766,Obesity_Type_I
13767,Obesity_Type_II
13768,Normal_Weight
13769,Insufficient_Weight
13770,Insufficient_Weight
13771,Obesity_Type_II
13772,Obesity_Type_III
13773,Obesity_Type_II
13774,Insufficient_Weight
13775,Obesity_Type_III
13776,Obesity_Type_III
13777,Normal_Weight
13778,Obesity_Type_II
13779,Obesity_Type_II
13780,Obesity_Type_III
13781,Obesity_Type_II
13782,Normal_Weight
13783,Obesity_Type_III
13784,Obesity_Type_II
13785,Obesity_Type_II
13786,Obesity_Type_II
13787,Obesity_Type_II
13788,Overweight_Level_I
13789,Obesity_Type_II
13790,Overweight_Level_I
13791,Overweight_Level_I
13792,Obesity_Type_II
13793,Obesity_Type_II
13794,Obesity_Type_II
13795,Obesity_Type_II
13796,Obesity_Type_II
13797,Insufficient_Weight
13798,Obesity_Type_III
13799,Insufficient_Weight
13800,Overweight_Level_I
13801,Obesity_Type_III
13802,Obesity_Type_III
13803,Normal_Weight
13804,Obesity_Type_III
13805,Obesity_Type_III
13806,Obesity_Type_II
13807,Insufficient_Weight
13808,Obesity_Type_II
13809,Insufficient_Weight
13810,Overweight_Level_I
13811,Obesity_Type_III
13812,Obesity_Type_II
13813,Overweight_Level_I
13814,Obesity_Type_III
13815,Obesity_Type_I
13816,Obesity_Type_III
13817,Obesity_Type_III
13818,Overweight_Level_I
13819,Obesity_Type_II
13820,Normal_Weight
13821,Obesity_Type_II
13822,Obesity_Type_II
13823,Obesity_Type_II
13824,Overweight_Level_I
13825,Obesity_Type_II
13826,Overweight_Level_I
13827,Obesity_Type_II
13828,Obesity_Type_II
13829,Obesity_Type_I
13830,Obesity_Type_II
13831,Normal_Weight
13832,Obesity_Type_III
13833,Insufficient_Weight
13834,Normal_Weight
13835,Overweight_Level_I
13836,Obesity_Type_II
13837,Insufficient_Weight
13838,Normal_Weight
13839,Obesity_Type_II
